src,dst,label
2463,24630,1
17487,22442,0
107,23309,1
54,481,1
6375,6918,1
414,23714,1
2077,5874,1
909,20484,0
8300,9980,0
5889,18906,1
34,434,1
14175,15740,1
12493,25785,0
2256,3468,0
5956,25694,1
354,13561,1
14818,23262,0
78,21856,1
235,3852,1
1705,3181,1
328,856,1
129,471,1
19223,27131,0
3748,17675,1
10810,18711,0
2812,5956,1
7,14,1
9531,21272,0
4298,27337,0
8689,27116,0
820,8408,1
11144,25009,0
13561,20401,1
1810,20402,1
1214,21253,0
5719,7666,0
16790,27859,0
204,328,1
496,18905,0
327,12541,1
280,4437,1
7430,25892,1
8669,18801,1
3203,13456,0
3814,11261,1
82,128,1
7891,15281,1
6547,17512,0
24,5013,1
4049,21226,0
21492,26625,0
26472,27029,0
15847,25370,0
434,1836,1
1697,2665,1
5956,13978,1
2084,22875,1
2585,4691,0
326,25694,1
2585,24192,1
2225,13286,0
298,12971,1
1827,7430,1
39,6626,1
494,1009,1
5743,24367,0
12797,14709,0
1913,7430,1
3179,5349,0
10134,11805,0
1503,1784,1
4130,5908,1
5013,8408,1
2338,25273,0
1574,6304,0
25166,26044,0
2613,4549,1
417,2087,1
20108,24455,0
1295,14837,1
3931,7912,1
66,2665,1
324,6221,1
1570,9127,0
6700,15946,1
318,1632,1
20407,22971,0
3504,12125,0
5411,23926,0
16413,17860,0
7323,15978,0
3127,6615,0
3625,17152,0
26022,29013,0
8687,24555,1
7837,14791,0
11808,12808,1
25648,26340,0
10103,17162,1
4066,5163,1
5956,23262,1
4904,7938,1
313,25694,1
829,17629,1
138,2481,1
3863,13823,0
4459,16907,0
7819,11095,0
9649,15518,0
87,24630,1
976,4775,1
811,7430,1
7118,9790,0
22258,25390,0
9619,22368,0
107,856,1
228,236,1
313,3943,1
15281,17111,1
8462,23097,0
1741,5543,1
12928,26210,1
11896,18794,0
13828,22980,0
332,24192,1
14461,20883,0
3937,4325,1
8063,25609,0
1105,28172,0
3994,4549,1
326,28398,1
5,1697,1
7601,28819,0
5889,6280,1
14,27,1
1009,1632,1
2797,5382,0
482,3181,1
11263,30418,1
13220,26131,0
1541,4650,1
20605,30248,0
173,228,1
7900,16301,1
24,4549,1
605,1741,1
8320,13746,0
1069,5943,1
10992,22844,0
24630,24649,1
167,326,1
3852,7782,1
13819,21209,0
984,6221,1
19891,30320,1
1840,23384,1
107,3994,1
924,15081,0
559,572,1
1087,11543,1
3033,13740,1
27,2481,1
481,17629,1
856,1441,1
5589,26057,0
9697,25785,0
11857,23384,1
1794,11154,1
6331,28065,0
14121,17620,0
15684,29165,0
3248,24583,0
187,1773,0
10889,16894,0
6752,17246,0
14655,24922,0
2706,23262,1
10805,28723,0
6541,30415,1
6000,14165,1
6818,27170,0
38,367,1
8881,27361,0
6267,9284,1
8130,18557,0
5093,21808,0
1632,3943,1
6280,16756,1
4904,7071,1
9015,12894,1
606,23309,1
6294,6680,0
11106,19790,0
9677,22492,0
10541,11212,0
7463,7782,1
3425,11236,0
2247,4436,1
11310,15379,0
5321,30419,1
4481,8654,0
9149,26325,0
3051,11003,1
5359,13161,0
13082,26657,0
17841,18060,0
9871,11912,1
7432,26634,1
2181,24555,1
434,21856,1
182,29055,0
519,7777,0
12464,29684,0
107,5889,1
324,610,1
984,6970,1
1079,7938,1
20742,21307,0
3447,4999,1
17079,27731,0
616,12541,1
4066,6626,1
128,471,1
10293,16292,0
6158,13846,0
9150,15361,0
1309,7469,0
997,30421,1
13,19891,1
19020,19894,0
16690,26096,0
12183,27871,0
4954,26836,0
3837,16106,1
102,5013,1
1023,4688,0
3186,22889,0
204,616,1
3937,10737,1
11301,18776,0
12254,23408,0
15226,16861,0
829,6626,1
7938,10210,1
6320,7280,0
21924,23715,0
15010,18161,0
16482,17782,0
10737,14209,1
1424,23149,0
8585,15759,1
280,856,1
19511,25664,0
5436,18685,0
5034,16733,0
7896,19283,0
605,5542,1
119,5874,1
813,3323,1
1361,6221,1
19839,20401,0
107,494,1
1794,2600,1
820,2218,1
4502,6163,1
18644,30419,1
6468,28534,0
2244,26922,0
18248,25560,0
12808,25892,1
6763,18562,0
4437,14165,1
813,20402,1
9732,30153,0
1441,24592,1
3323,28398,1
8389,18438,0
5891,6375,1
8226,23568,0
848,4385,0
820,14179,1
3156,13764,0
3136,5489,1
19135,20105,0
2299,23363,1
20881,30419,1
6700,14136,0
1069,2586,1
656,1069,1
23614,24336,0
2481,7432,1
196,1513,1
4564,13924,1
2079,2142,1
5039,22977,0
21506,23647,0
12971,26634,1
471,5891,1
4130,10737,1
15035,15321,0
2617,19069,0
3580,27952,0
10454,18505,0
10310,17274,0
25665,28961,0
7442,11157,0
3449,14418,1
3622,4289,0
3254,19897,0
109,17675,1
287,410,1
4400,16106,1
655,14370,0
12042,16597,0
616,12691,1
464,17106,1
452,4665,0
13372,16799,0
8336,15759,1
694,20301,0
4014,9608,0
127,129,1
14988,22578,0
8180,24555,1
18791,20630,0
69,1479,1
3206,24982,0
18603,20152,0
1158,11864,0
11561,22189,1
1215,17488,0
11479,11646,0
6318,29244,0
494,1295,1
1578,11063,1
12928,15281,1
7499,26634,1
10264,18956,0
22149,28829,0
1592,10122,0
35,7337,0
5364,30317,1
15682,29020,0
300,4130,1
16780,20711,0
26664,27035,0
1702,17249,0
18234,23974,0
204,7464,1
14069,24422,1
287,3450,1
503,7900,1
280,20402,1
2035,6897,0
1503,13347,1
5300,9620,0
1247,16107,1
722,1072,1
6425,23521,0
11857,18552,1
7048,29752,1
7015,9681,0
8669,22278,1
5700,14562,0
4973,9244,0
18051,19455,0
8893,21484,0
22354,26065,0
3763,28365,0
2012,9790,0
235,20805,1
5539,16581,1
5748,19915,0
10463,12938,0
856,6221,1
9257,23268,0
6700,9872,1
482,4636,1
13447,23435,1
20356,27400,0
4386,28960,0
18644,19337,1
17918,26146,0
605,3748,1
327,494,1
811,2481,1
5499,11808,1
4084,20523,0
7251,8036,0
9881,12971,1
987,16909,0
7285,12716,1
6524,22551,0
69,11003,1
17139,25238,0
2492,4066,1
280,6221,1
129,7430,1
7554,16287,0
236,3837,1
169,2087,1
5956,12541,1
9484,19671,0
14640,22366,0
2303,7483,1
7483,24649,1
5514,6200,1
12532,19469,0
16819,23508,0
18257,27604,0
5040,18977,0
5943,7289,1
5745,26232,0
7629,14433,0
13308,25277,0
78,1697,1
1632,3323,1
22750,30419,1
1198,26272,0
22185,25503,0
605,30320,1
2068,10783,0
13689,28956,0
2440,9123,0
16136,29348,0
5237,6989,0
592,16549,0
7050,25987,0
6002,26724,0
11358,12201,1
24,5874,1
3333,25158,1
6950,9435,0
19197,22182,0
328,12541,1
9353,14169,0
5595,11622,0
7727,19123,0
25676,28001,0
6782,28784,0
199,2568,1
2564,9016,1
22164,27516,0
20887,21749,0
1009,4775,1
2613,3994,1
8728,25036,0
17162,22189,1
107,326,1
3449,6267,1
11269,28101,0
1508,30317,1
17214,18801,1
2427,8787,0
1013,9984,0
464,23714,1
6727,28306,0
3033,5943,1
4197,7290,0
11347,17230,0
300,11441,1
14495,18837,0
56,30173,0
9037,24009,0
20685,25036,0
441,24543,0
567,17370,0
6353,18363,1
412,5831,0
4224,24133,0
5956,20402,1
38,235,1
1632,7785,1
15463,18994,0
2190,22852,0
605,12518,1
6768,20450,0
5952,20303,0
1794,6104,1
11205,19123,0
128,16301,1
869,14849,1
1102,26689,0
328,26634,1
4066,21610,1
22996,28756,0
8336,15740,1
19229,30150,0
969,6504,1
13505,28015,0
6555,20283,0
7793,15451,0
5420,18229,0
1845,11127,0
10662,21482,0
1632,4325,1
12547,14879,0
27638,28771,0
5539,23456,0
3051,30320,1
11993,28960,0
22571,27129,0
4910,11561,1
119,605,1
1503,4062,1
3323,6104,1
19071,19804,0
2586,8180,1
3044,16576,0
1072,17162,1
495,27766,0
1203,10735,1
559,578,1
5365,11356,0
856,7205,1
5,835,1
5316,6171,0
10197,26210,1
921,1123,0
5104,28336,0
5519,13481,0
4223,14929,1
1519,3181,1
2307,28562,0
2346,10101,1
8654,17451,0
7212,13634,0
299,1479,1
4506,5226,1
1361,2260,1
11077,16760,0
5962,13713,0
1626,5891,1
1541,4332,1
16157,17172,0
324,7822,1
327,6970,1
21710,22185,0
6691,8155,0
813,8408,1
3093,21466,1
605,2247,1
5956,24592,1
6955,14673,1
14826,25948,0
87,280,1
327,7785,1
572,12808,1
25414,30125,0
107,16756,1
15594,25007,0
10043,10944,0
9545,14853,0
7028,30138,0
6273,16188,0
1266,19332,0
2585,6267,1
19021,28457,0
809,5469,0
606,1249,1
1583,13268,1
34,9016,1
12152,27455,0
14315,20683,0
7166,28986,0
12894,14849,1
15321,24245,0
8897,26893,0
7037,7289,1
16299,20401,1
157,26541,0
1815,29394,1
2453,6483,0
1133,17152,0
7071,15281,1
41,319,1
984,24592,1
7400,25676,0
1783,10671,0
17004,17984,0
1810,7864,1
13740,19337,1
636,5269,1
129,29394,1
20269,21301,0
8666,9105,0
328,6104,1
1626,1794,1
3725,24903,1
8706,26482,0
9843,22614,0
5863,26732,0
12820,26758,0
18462,20396,0
7448,15499,0
19532,29968,0
2084,2433,0
167,3559,1
2077,20805,1
14,4062,1
1195,24649,1
19270,19566,0
12146,18300,0
26254,28147,0
21261,27699,0
14226,22958,0
129,1815,1
3937,16107,1
102,5889,1
13766,25201,0
87,19735,1
2673,9284,1
7294,8367,0
1479,1828,1
7475,19103,0
1812,19936,0
23001,27590,0
2463,3943,1
11931,21120,0
6241,6373,0
21180,30019,0
8817,26136,0
83,27845,0
1697,9302,1
73,26426,1
8878,28305,0
5355,7463,1
2223,16914,0
9208,24503,0
4965,10407,0
6946,27548,0
3191,7285,1
10210,12928,1
119,5542,1
2613,16756,1
9521,15158,0
5128,10661,0
5389,29134,0
4176,26213,0
12460,25472,0
2659,8625,1
22951,27367,0
3037,11857,1
15439,18388,0
24720,29302,0
2613,18403,1
9242,29340,0
53,321,1
1195,24630,1
7084,25898,0
8585,24830,1
238,3099,0
1441,19735,1
1314,25363,0
69,109,1
20692,23910,0
9491,11769,0
2463,3323,1
326,8408,1
14679,15236,0
2111,11999,1
10901,13447,1
327,12691,1
2218,5889,1
8335,20148,0
4610,7521,0
5082,12894,1
8682,22415,0
722,21061,1
21098,29128,0
1009,2706,1
8100,19429,0
4872,21674,0
4949,20216,0
14378,24555,0
3128,6459,0
4222,12928,1
3333,15445,0
1840,11754,1
12661,23221,0
90,21071,0
755,969,1
17453,19699,0
19880,22324,0
193,23309,1
414,4306,1
464,9032,1
17135,25923,0
327,6280,1
3159,21121,0
7841,25557,0
8245,22854,0
21599,24863,0
2934,7350,0
1632,24592,1
13447,24555,1
3051,4400,1
519,1701,0
11619,15742,0
813,23262,1
13844,25867,0
410,597,1
578,1815,1
534,13447,1
190,8968,1
200,24548,0
16106,19891,1
5518,22088,0
21659,29296,0
16011,17000,0
14165,23583,1
510,4295,0
5956,6565,1
2685,6104,1
3912,24862,0
6794,9525,0
327,6104,1
5363,12246,0
500,13447,1
13160,22611,0
6825,28029,0
3672,25963,0
18273,29897,0
8142,12894,1
323,24630,1
11435,19220,0
3957,7292,1
12255,22840,0
1544,4138,0
10271,23111,0
3449,3937,1
414,9302,1
471,5888,1
2015,4132,0
2857,22585,0
4650,10735,1
3852,5355,1
8718,26948,0
9304,26217,0
656,8180,1
280,1225,1
5499,7938,1
11574,23767,0
1741,11003,1
1827,12807,1
10840,11139,0
25420,27719,0
16261,19484,0
6492,7912,0
326,18906,1
5119,22736,0
3999,11748,0
5654,28469,0
4539,21149,0
1068,7938,1
1096,7439,0
248,11486,0
313,5889,1
20838,24376,0
5145,20038,0
5745,23009,0
22486,25136,0
606,1785,1
6682,16422,0
16027,17766,0
15978,19973,0
4311,5782,0
17052,18443,0
9284,19919,1
82,3854,1
9855,10174,0
14044,15413,0
191,1198,1
11575,30418,1
1067,1508,1
572,7430,1
193,3478,0
13439,17318,0
5158,22078,0
14565,27979,0
20963,29374,0
22143,26934,0
494,1361,1
302,835,1
27,1815,1
10901,21093,1
984,19735,1
3603,12730,0
9768,27023,0
107,327,1
39,21568,0
32,937,1
15087,17972,0
4918,14879,0
25414,30193,0
3887,24067,0
869,5908,1
23899,26571,0
4148,7679,0
1168,17111,1
2763,27377,0
61,1632,1
8500,21626,0
1009,1794,1
596,3854,1
318,328,1
1962,14005,0
605,30318,1
11073,26461,0
7037,24941,1
10834,11362,0
10590,17327,0
8313,11366,0
3846,18320,0
6325,18664,0
5184,26919,0
121,5364,1
559,7432,1
447,20288,0
19092,23617,0
119,328,1
10744,12737,0
6532,20655,0
15277,19538,0
6282,24941,1
8308,12933,0
1993,19163,1
820,11543,1
58,78,1
1785,7205,1
87,3937,1
5087,18363,1
820,13978,1
2613,5013,1
328,4549,1
9881,26634,1
2676,17629,1
20271,27541,0
8484,22482,0
6001,12928,1
1225,2260,1
2492,4775,1
2581,11280,0
24,326,1
1741,8691,1
905,13101,0
13712,16839,0
252,28500,0
7205,22646,1
1375,30037,0
196,208,1
471,20590,1
2299,7737,1
22437,23763,0
69,3051,1
16106,30317,1
7912,21466,1
503,7071,1
18552,19682,0
4636,15821,1
12212,28704,0
480,562,1
9207,10814,0
10197,12928,1
199,14675,1
228,4400,1
6575,7900,1
1840,5321,1
997,4698,1
24584,26966,0
606,856,1
5082,17166,1
6970,14485,1
10356,29752,1
605,3837,1
1802,9916,0
3020,14042,0
12693,13065,0
5478,5971,0
969,21744,1
8290,12625,0
6700,8585,1
4222,7891,1
972,12651,0
8089,13700,0
6700,13347,1
26685,30082,0
345,24300,0
204,2044,1
6104,24630,1
1072,10197,1
4971,28046,0
5024,22161,0
494,813,1
1079,12928,1
12120,19961,1
12201,24649,1
70,29759,1
17014,17894,0
7432,7499,1
2463,6008,1
7037,8180,1
6262,10230,0
4684,8336,1
24942,29873,0
21040,26944,0
4062,5269,1
281,491,1
12021,22864,0
9290,29006,0
6057,8250,0
4833,16580,0
5891,6575,1
446,8691,1
5699,6230,1
8484,26203,0
119,2463,1
16639,26597,0
3037,23435,1
12494,24951,0
27147,28129,0
5,11441,1
1632,2613,1
2185,8954,0
19163,24649,1
1508,7048,1
328,3994,1
11848,28448,0
936,8169,0
1069,10901,1
1519,4999,1
1840,24067,1
18232,24804,0
572,9881,1
9284,14605,0
16735,25482,0
4684,13347,1
13347,15740,1
21449,22977,0
605,4400,1
14485,23309,1
316,26441,0
18257,27384,0
6263,6700,1
6449,26488,0
2706,8669,1
1164,17571,0
656,3037,1
2523,21947,0
301,21856,1
11701,23309,1
5806,20891,1
9881,12807,1
27,7430,1
10564,17964,0
31,13638,0
24,25694,1
7207,19593,0
9535,21873,0
11386,13689,0
464,9016,1
13,21744,1
3785,11912,1
4222,7900,1
3191,10735,1
2613,11543,1
328,2260,1
4400,20476,1
2475,2486,1
1030,6918,1
21062,30416,1
739,11853,0
13178,20721,0
119,327,1
19791,22265,0
829,15821,1
18284,20815,0
856,1225,1
11760,12960,0
7347,9018,1
5732,16265,0
6201,17394,0
2613,7785,1
7042,22315,0
15241,18539,0
60,10891,1
29374,30232,0
3790,12008,0
5887,20927,0
16256,24194,0
10901,11857,1
8336,8585,1
15987,18466,0
24148,26135,0
1541,27952,0
20406,27400,0
400,17675,1
16985,18644,1
12773,17042,0
14473,16140,0
8503,13254,0
328,6220,1
2087,30319,1
10743,16101,0
16301,26634,1
582,23927,0
9790,23389,0
24473,30139,0
2142,13378,1
21842,24225,0
22045,28209,0
3224,5249,0
7632,24089,0
15302,24832,0
3609,9284,1
475,21093,1
17653,19041,0
326,20402,1
107,313,1
464,2501,1
87,19163,1
7485,9057,0
11360,22204,0
13744,17384,0
9324,10985,0
10393,13345,0
18906,24592,1
7822,28398,1
856,7822,1
5355,8408,1
7378,11136,0
5874,18403,1
19644,20860,0
2303,24630,1
1804,8709,1
326,6104,1
786,20476,0
7325,18390,0
3889,26376,0
54,4066,1
2324,6695,1
328,3852,1
18589,22028,0
18480,28028,0
3019,8282,0
5891,20590,1
2181,10901,1
482,17629,1
835,1697,1
328,18403,1
1840,15122,1
328,11543,1
13978,18906,1
4706,24871,0
2260,14485,1
2424,26406,0
12808,12971,1
1397,10315,0
3037,19337,1
8261,19276,0
3112,23635,0
193,20402,1
10461,23417,0
1094,15088,0
656,21093,1
856,1257,1
10141,16772,0
1972,11945,0
1993,11441,1
8408,16756,1
8414,24649,1
2653,15236,0
20192,27162,0
656,8625,1
228,287,1
494,6104,1
722,2164,1
1168,13740,1
414,5163,1
6502,28038,0
20792,28706,0
12317,27793,0
2069,5908,1
16285,25213,0
2739,20122,0
13697,24378,0
17294,24362,0
11643,14116,0
14418,25681,0
3449,23129,1
2936,14323,0
24,2613,1
559,5888,1
12488,13554,1
11631,18830,0
13447,18644,1
16084,27330,0
1503,12971,1
610,1441,1
3254,19166,0
9528,25192,0
11531,12912,0
5348,18929,1
19149,23982,0
111,7640,0
7422,8097,0
81,167,1
2088,11999,1
11240,13293,0
9838,18954,0
6541,22116,1
10840,15774,0
976,14837,1
2931,25196,0
3555,19163,1
16014,20585,0
13566,23903,0
23959,29298,0
3435,19253,0
18906,20402,1
2498,5761,0
4910,22189,1
22110,26672,0
1415,23345,0
195,24615,0
14398,15593,0
2920,4729,1
1592,12803,1
5499,7900,1
11651,22121,0
578,3937,1
1583,30319,1
6104,6970,1
787,11448,0
27,1503,1
207,341,1
1420,11905,0
1411,5770,0
1592,1632,1
512,7059,1
8251,13544,0
26264,27058,0
68,10428,0
12808,16301,1
1219,6200,1
1697,4636,1
2181,17111,1
443,26863,0
4188,7556,0
559,1913,1
17226,27533,0
16121,23930,0
20183,20891,1
7822,24592,1
199,236,1
1632,3931,1
19673,28614,0
1618,7900,1
5252,5499,1
13177,19792,0
7422,24163,0
287,1583,1
1632,1794,1
6700,14175,1
8894,14747,0
471,26634,1
7613,18684,0
1618,1827,1
11468,23246,0
5943,10891,1
22667,25363,0
6000,11358,1
610,6970,1
3037,8141,1
13750,18545,0
5499,6918,1
8096,18658,0
3898,28372,0
1291,17357,0
471,559,1
14,596,1
1086,18165,0
9248,12010,0
1295,6000,1
4222,11736,1
14140,15777,0
17097,23739,0
1019,27237,0
662,28935,0
5912,25474,0
512,6226,1
89,5888,1
2199,27514,0
18526,26726,0
280,1810,1
125,24047,0
5874,12541,1
11551,25535,0
6001,6918,1
7322,16356,0
190,15986,0
3033,10901,1
8231,24340,0
4444,28699,0
1229,5929,1
15281,20590,1
8687,16985,1
7228,21070,0
17825,27407,0
13010,19359,0
5287,29042,0
8996,17524,0
328,23262,1
1219,29282,1
12438,12620,0
2565,3380,0
17699,24212,0
6619,25617,0
11875,21916,0
1587,8077,0
6065,23295,0
8746,13080,0
9112,13510,0
11640,14761,0
307,7737,1
1697,3291,1
3232,28155,0
13803,21911,0
12868,15701,0
15392,19217,1
327,24592,1
5067,21109,0
5953,25204,0
128,2481,1
6375,20590,1
23262,23583,1
1785,9688,1
522,1003,0
1220,9589,1
2079,2084,1
6104,13978,1
2087,5542,1
1069,23384,1
7048,10356,1
10263,19985,0
7149,16664,0
10632,26471,0
4530,24734,0
1519,1697,1
14157,25035,0
467,1195,1
2218,13978,1
8077,28282,0
5360,13153,1
208,1783,1
7356,27664,0
821,19337,1
14241,18027,0
1639,24808,0
1748,8802,0
34,17166,1
16336,29127,0
7782,24592,1
16369,23641,0
19280,29040,0
11143,20658,0
1052,1828,1
5815,20965,0
19337,24555,1
6009,19203,0
11255,14038,0
610,11261,1
5050,16189,0
5737,7505,0
813,2218,1
11565,24880,0
5888,11808,1
3450,24675,1
5768,17371,0
1785,19735,1
610,23309,1
11322,23541,0
11631,18237,0
13330,26464,0
163,7875,0
11436,11441,1
5891,15281,1
895,9325,0
10558,21200,0
3323,20402,1
481,5163,1
3642,27010,0
2613,26735,1
2657,3447,1
323,19735,1
4008,13037,0
1009,6000,1
280,8968,1
13626,15714,0
13789,20828,0
3136,4130,1
9888,30113,0
6956,14671,1
2600,22930,0
1245,7630,0
1165,2249,0
3910,9688,1
19919,19961,1
1698,21010,0
1441,23309,1
20022,23145,0
12450,17690,0
3943,5013,1
2181,3037,1
7330,28307,0
26,21037,0
2087,19891,1
12924,20564,0
10891,11857,1
7289,13447,1
171,417,1
4486,20221,0
572,5888,1
869,9015,1
829,23714,1
1680,4904,1
915,9285,0
562,1513,1
2654,28909,0
6613,17214,0
16011,17831,0
2032,18967,0
14956,17477,0
24239,25837,0
494,19163,1
12611,18481,0
14347,22705,0
9317,12555,0
22381,25865,0
1225,19735,1
969,1827,1
2481,12808,1
3892,6510,0
6463,21450,0
3146,16361,0
5364,5543,1
603,17479,0
9032,17166,1
5471,8332,0
2069,14209,1
481,3181,1
821,3033,1
2481,11808,1
1322,13232,0
7822,23309,1
326,5013,1
13447,24941,1
15281,29210,0
3855,3910,1
3847,9793,1
193,24592,1
4426,14840,0
2964,9711,0
11561,24336,1
829,5163,1
17323,19792,0
6955,14671,1
1168,3037,1
14891,24254,0
744,21164,0
17611,28485,0
610,26454,1
8346,20693,0
2706,4437,1
7175,15075,0
2181,7037,1
9363,25541,0
3447,8414,1
498,1827,1
12496,17435,0
2812,6008,1
9393,29217,0
16851,26732,0
17865,21262,0
4536,7918,0
6375,7938,1
4220,9008,1
15980,18479,0
12352,21804,0
6367,22013,0
7391,23472,0
3181,5163,1
845,3265,0
8661,15222,0
1903,4710,0
14075,28165,0
6955,14675,1
4001,15220,0
17413,23392,0
3051,13268,1
327,26634,1
820,5956,1
8378,13301,0
4684,15946,1
13,30321,1
1069,1092,1
1827,9881,1
5036,25158,1
3149,6729,0
20204,26159,0
856,1361,1
9747,20737,0
21241,27956,0
823,19337,1
26,10483,0
15128,15217,0
6375,12928,1
11355,15088,0
707,9437,0
9366,27210,0
18780,20386,0
15212,24931,0
22875,29779,1
3155,13798,0
1503,15740,1
3609,4502,1
65,10246,0
10384,30003,0
3931,18344,1
2181,2586,1
20985,22630,0
6073,18368,0
7894,11556,0
5888,25892,1
3444,8561,0
811,20401,1
8209,12744,0
22759,27649,0
1066,1632,1
8236,26837,0
15919,25534,0
20595,24784,0
5514,8968,1
494,5013,1
3525,28492,0
869,5082,1
81,1067,1
1225,24630,1
97,15281,1
5,72,1
11502,20642,0
7822,8884,0
11270,12329,0
5918,7673,0
16767,19572,0
2487,9660,0
17742,19303,1
3943,8408,1
3937,5908,1
7199,7996,1
4209,27409,0
97,7891,1
21717,23225,0
2481,26634,1
5869,26866,0
2488,25801,0
8524,15772,0
16881,26077,0
7886,18459,0
18801,22278,1
417,29752,1
2481,7891,1
7034,18519,0
3347,14179,1
24943,25200,0
3449,3609,1
856,18906,1
1628,27317,0
4091,12362,0
14913,21401,0
97,969,1
7289,13740,1
7782,28398,1
127,3937,1
17956,18247,0
1247,4775,1
5359,20775,0
8366,25693,0
6269,10305,0
1297,22925,0
646,11912,1
1168,24555,1
9480,21767,1
9822,22875,1
1741,3748,1
152,25115,0
11808,12807,1
27607,30009,0
8180,10891,1
1072,6375,1
4073,13984,0
597,5364,1
18813,27528,0
6650,22375,0
7,27,1
9989,27723,0
260,25181,0
559,3712,0
1626,1632,1
196,22875,1
87,1361,1
17516,21129,0
2672,7397,0
6001,10197,1
25610,26396,0
2647,7765,0
3748,8691,1
9350,19049,0
6195,13882,0
7385,15677,0
4,6133,0
1009,3931,1
1785,18906,1
1325,11496,0
813,3943,1
2087,2247,1
19368,20405,0
1305,20024,0
8389,10726,0
4488,13956,0
19891,29415,1
4181,11898,0
471,7900,1
21475,28988,0
18221,21051,0
820,2260,1
15959,20128,0
802,19519,0
2623,3033,0
1398,19001,0
38,7094,1
3684,21183,0
3195,8765,0
196,13101,0
9008,18363,1
119,6008,1
5908,14849,1
11311,14002,0
7993,9480,1
6129,27125,0
15629,18469,0
119,1632,1
18606,24454,0
9205,20604,0
7610,22116,1
2008,3728,0
4108,6711,0
2218,3323,1
316,4201,0
7912,11007,1
2912,14293,0
3136,4220,1
6188,26951,0
2123,21595,0
18477,19683,0
2481,20401,1
23536,29277,0
3241,20099,0
441,4954,0
78,301,1
1220,29282,1
9688,20402,1
87,200,1
4804,25354,0
4247,19523,0
4910,18475,1
8733,9789,0
1009,1195,1
11912,17162,1
793,28688,0
2077,22646,1
24,313,1
10901,17111,1
191,8690,1
5713,25659,0
13,3748,1
3937,12201,1
2667,24118,0
199,23856,1
2305,25922,0
17191,22297,0
6353,20185,1
4130,14209,1
6105,18213,0
656,2181,1
7534,22302,0
1697,1705,1
850,21856,1
5543,9613,0
1785,7782,1
5499,7071,1
3447,8669,1
2088,4698,1
2218,18906,1
15724,23667,0
4183,26537,0
20513,27794,0
2706,7483,1
5968,19343,0
8404,16804,0
3037,13447,1
2481,7900,1
69,6144,0
8612,25139,0
3618,27693,0
10263,18635,0
15346,23573,0
3563,30325,0
8687,13740,1
199,235,1
19733,22830,0
5839,22299,0
12451,20383,0
2193,12554,0
7463,14485,1
482,4306,1
38,119,1
914,2084,1
1741,30320,1
8408,25694,1
11647,14131,0
253,25653,0
14268,17244,0
15266,16630,0
14599,20072,0
14703,17510,0
9607,27420,0
14787,17742,1
280,5514,1
4463,29253,0
1507,28190,0
6280,24630,1
596,5269,1
235,29752,1
7804,16915,0
287,20476,1
1664,17307,0
27,3937,1
16571,30232,0
12552,13028,0
10825,17772,0
19891,20476,1
102,18906,1
3449,6163,1
2614,3555,1
4437,7864,1
66,72,1
193,1906,0
24924,30026,0
9029,9458,0
9942,22323,0
16756,22046,0
4955,8576,0
13187,25778,0
1785,3323,1
16756,23309,1
804,15533,0
127,559,1
6104,23262,1
14761,22240,0
6770,22278,1
298,1815,1
6073,18890,0
58,301,1
235,5874,1
4066,23714,1
475,3136,1
471,7430,1
27,302,1
5194,6198,1
4544,24394,0
87,3814,1
2673,4639,1
5839,9734,0
9515,25706,0
313,1632,1
3547,7785,1
5499,5891,1
2403,15594,0
12054,17452,0
3033,24555,1
4581,26775,0
829,3181,1
328,494,1
722,17162,1
1069,24941,1
2471,25011,0
8529,27792,0
5328,20179,0
22629,28725,0
25563,28002,0
12201,22278,1
6263,15759,1
17521,27374,0
9966,26143,0
4022,6321,0
2181,13447,1
7822,11701,1
10653,28245,0
8400,15258,0
13863,16797,0
6026,21944,0
1079,5321,1
2708,19961,1
235,30318,1
11701,19735,1
5295,26965,0
2463,16756,1
19846,29065,0
2929,12974,0
7,969,1
4698,7778,1
8906,10334,0
3447,12201,1
1473,16862,0
414,481,1
17077,19279,0
3703,6375,1
1697,4066,1
280,5929,1
1810,23309,1
880,919,0
313,813,1
24,13978,1
191,280,1
18266,28555,0
6104,7785,1
1501,21856,1
12848,26060,0
14837,24630,1
4965,21300,0
3852,7465,1
1257,1785,1
690,2766,0
22189,24336,1
6104,16756,1
9632,18153,0
1441,7864,1
1220,8968,1
1663,12295,0
1337,23622,0
1257,11701,1
5874,7463,1
3837,30319,1
8284,23627,0
21641,29962,0
7900,7938,1
16583,24996,0
869,9016,1
4400,19891,1
28488,28747,0
204,235,1
2077,7782,1
173,4400,1
186,24456,0
18574,24449,0
31,66,1
1541,3191,1
15168,23156,0
10771,17741,0
12679,19229,0
4775,5163,1
13708,30254,0
24,616,1
14812,23120,0
997,16037,1
11379,25045,0
2743,22947,0
3181,3447,1
10856,12710,0
2351,25937,0
1160,5293,0
11453,23019,0
2260,4549,1
3591,13561,1
6327,27534,0
24848,26448,0
298,471,1
2164,17162,1
5508,22961,0
24067,30419,1
5163,16037,1
328,1632,1
280,610,1
20564,23368,0
1705,15821,1
4119,4883,0
18734,18840,0
1229,9742,1
976,12201,1
8010,19329,0
20939,27085,0
1288,27950,0
2715,25513,0
1494,8053,0
1009,3447,1
138,559,1
7938,10197,1
8180,10901,1
3986,14564,0
11701,20185,1
6531,26255,0
14065,14628,0
1079,7071,1
8320,9390,0
4222,5244,1
6983,27113,0
7778,19355,1
534,8360,0
7094,9483,1
6497,12391,0
13,13268,1
5967,26142,0
368,8499,0
11177,29309,0
4066,21626,1
572,5891,1
2203,27567,0
25892,29394,1
72,302,1
6221,28398,1
969,13268,1
3852,7464,1
302,317,1
196,2079,1
323,19163,1
18839,22764,0
17995,27115,0
1592,11736,1
19948,20942,0
5876,30419,1
2613,24592,1
8625,10901,1
820,25694,1
11324,17838,0
5732,12196,0
109,30320,1
18265,18808,0
1697,4306,1
414,11063,1
4222,11808,1
301,850,1
820,26634,1
12511,25506,0
7705,12654,0
10891,14700,1
3814,9008,1
16353,26374,0
3814,26454,1
23636,25176,0
21561,24673,0
24027,24740,0
19735,20402,1
1281,25728,0
191,8968,1
224,19263,0
5888,16301,1
10891,16985,1
8687,11857,1
1450,3854,1
11494,22882,0
1673,18109,0
21404,23677,0
10820,26144,0
471,16301,1
5390,7534,0
12139,15374,0
7603,28900,0
107,2463,1
1993,14209,1
4419,19356,0
21404,23695,0
467,19163,1
658,22862,0
64,29959,0
1519,21626,1
1519,5163,1
572,7891,1
3093,4506,1
26560,29904,0
327,16756,1
6796,22400,0
15969,21618,0
610,24592,1
283,517,1
4502,14418,1
22332,27488,0
869,2475,1
14916,19022,0
2665,19337,1
77,16667,0
9838,18304,0
8141,10901,1
69,3482,0
1632,5956,1
21610,23714,1
97,1794,1
11428,19258,0
3485,26850,0
23275,27512,0
18435,21333,0
1310,2485,0
12988,26603,0
283,341,1
19309,27944,0
13447,17111,1
11398,24134,0
12210,22449,0
20266,22583,0
2977,13173,0
7962,28725,0
16537,29995,0
559,26634,1
21775,24234,0
1794,8892,1
16228,20175,0
16131,27300,0
415,9952,0
400,19891,1
16689,22603,0
10538,14058,0
7843,19971,0
14452,22881,0
1247,22278,1
280,7822,1
8672,24083,0
3323,8408,1
3712,16905,0
4920,9480,0
313,327,1
2260,16756,1
13491,14236,0
5135,25360,0
208,1501,1
6330,22875,1
15869,18271,0
2429,3808,0
4220,7617,1
1503,15946,1
941,26556,0
327,3994,1
2274,7074,0
18501,21187,0
16327,17136,0
3449,6353,1
2492,23714,1
532,9094,0
12979,15401,0
12743,18928,0
2045,12290,0
27830,28340,0
11593,20613,0
6181,28727,0
10332,30179,0
4361,29375,0
4400,30321,1
3181,4636,1
13290,24441,0
18236,24331,0
751,4064,0
467,8414,1
6567,7614,0
39,2492,1
13163,19703,0
138,26634,1
9532,23573,0
17742,20891,1
9591,24001,0
298,559,1
2613,6104,1
2492,15821,1
12138,28760,0
997,4782,1
14909,17914,0
8364,16578,0
979,1292,0
5232,26346,0
14,1503,1
4684,14175,1
10949,13511,0
5888,7900,1
22813,26593,0
7465,18403,1
6691,11683,0
14,43,1
19101,20158,0
1069,8687,1
280,1198,1
332,23129,1
8954,12963,0
2481,5888,1
3847,8585,1
585,6484,0
13402,29106,0
287,3748,1
11155,21281,0
3036,21890,0
4549,6970,1
12201,19163,1
2230,3653,0
10356,30318,1
73,24422,1
2117,18871,0
328,16756,1
17627,21633,0
11701,26454,1
190,29282,1
18344,23369,1
1079,1680,1
5062,11661,0
3555,6000,1
3404,8116,0
4218,8144,1
2659,10891,1
2813,5381,0
820,2077,1
31,8708,1
16493,17673,0
1827,7071,1
5539,7728,1
13111,21327,0
7891,12928,1
467,24630,1
17844,23034,0
610,1361,1
10346,23103,0
1519,17629,1
9497,16239,0
20533,22994,0
12128,22696,0
9762,11096,0
20071,20108,0
3911,22735,0
1503,8336,1
167,327,1
6163,9284,1
16941,29424,0
16087,18165,0
18868,24908,0
1814,11391,0
4506,28315,1
31,827,1
2613,3943,1
27254,28547,0
7610,30415,1
9231,17093,0
1066,5891,1
3060,26040,0
6151,22482,0
2623,23095,0
820,6104,1
2579,9217,0
9140,11436,0
12086,12295,0
4691,8731,0
14858,23174,0
6860,13913,0
3814,3910,1
935,13790,0
24,18906,1
1,1831,1
5366,25810,0
17629,23714,1
13908,16789,0
8736,11672,0
11573,29361,0
7277,18069,0
976,8669,1
17164,18644,1
13,969,1
173,605,1
9264,26433,0
414,1519,1
628,27163,0
53,186,1
6526,6567,0
5897,21833,0
1548,19507,0
9804,13588,0
13790,23102,0
17629,20917,1
5908,8142,1
13038,13802,0
86,1247,1
12967,22571,0
7685,25165,0
326,26735,1
2812,25694,1
6003,11449,0
572,12971,1
109,19891,1
12910,14318,0
34,517,1
323,6221,1
16756,24592,1
3655,9211,0
11665,28044,0
18218,28305,0
7932,29759,1
27,43,1
2842,3748,1
7037,10891,1
3994,18906,1
1219,4605,0
17843,22987,0
15132,28781,0
3943,5956,1
5542,30317,1
87,1810,1
1383,17796,0
512,18777,0
500,10891,1
7796,19392,0
17493,28749,0
12397,15798,0
20237,25034,0
199,30318,1
17414,23447,0
327,5956,1
11520,21504,0
324,23309,1
482,5163,1
2572,12941,0
17531,26547,0
15467,27144,0
827,1501,1
27,129,1
4999,11063,1
1519,4346,1
22586,26503,0
7576,15654,0
17128,28350,0
2613,20402,1
19541,28471,0
3970,23369,1
752,25336,0
199,2087,1
2087,30320,1
5679,11105,0
1092,21093,1
1225,11701,1
6970,16756,1
7036,23741,0
22421,26297,0
11422,19401,0
13728,19430,0
10607,15108,0
14476,19534,0
9027,19884,0
18437,21152,0
1785,14485,1
20398,26050,0
19332,29645,0
1723,14918,0
5348,11575,1
22633,23671,0
31,813,1
17185,22032,0
4657,8507,0
8354,10542,0
9015,17166,1
2077,14485,1
31,11999,1
4346,4636,1
17523,17563,0
1632,23057,1
5789,26077,0
11014,23012,0
8247,28195,0
1983,20521,0
3323,3943,1
54,1519,1
14153,24903,1
14050,17265,0
31,305,1
13313,18090,0
14619,23906,0
4314,23673,0
1840,22750,1
3555,30222,1
328,12691,1
6266,28303,0
15476,29227,0
11284,19961,1
19824,28175,0
9701,14530,0
9409,27295,0
4005,23476,0
5226,28315,1
8141,8625,1
86,18801,1
23146,26273,0
14592,21706,0
4326,17262,0
14485,20402,1
193,6221,1
1527,5758,0
15926,21359,0
16044,23273,0
1361,20185,1
19891,29752,1
21310,28254,0
6353,26454,1
193,280,1
15541,16535,0
2586,3033,1
39,4636,1
417,3748,1
17641,25946,0
8969,21058,0
9175,18167,0
2463,5956,1
1069,11857,1
300,14209,1
6655,7199,1
4782,18801,1
78,850,1
24112,28212,0
9286,10100,0
4729,21626,1
3462,16956,0
1265,22926,0
7071,7891,1
1680,12928,1
12788,16398,0
610,6221,1
20475,25042,0
8360,26532,0
16970,26511,0
39,481,1
8554,15613,0
876,26012,0
341,813,1
8619,23891,0
4225,24315,0
8055,9899,0
60,1069,1
4636,21610,1
13159,18479,0
20581,25045,0
2164,11561,1
2088,7778,1
228,19891,1
235,5355,1
3889,24812,0
1258,19143,0
324,28398,1
19545,26136,0
2164,11912,1
200,9008,1
1028,10101,1
497,5539,1
3037,10901,1
4325,18344,1
198,1220,1
771,28238,0
27681,28165,0
1515,4264,0
208,2247,1
868,19056,0
4636,4999,1
2084,13378,1
19466,24418,0
7900,15281,1
16301,25892,1
1679,10650,0
9413,24418,0
6351,6626,1
8629,22945,0
10345,20304,0
10478,15779,0
3720,3731,0
2303,14837,1
13,2842,1
14574,23031,0
11393,20804,0
224,3473,0
5888,12971,1
109,30319,1
11843,23300,0
128,7344,0
7430,11808,1
14,15759,1
169,20201,1
7762,26461,0
13745,14021,0
3609,3937,1
193,2260,1
2218,16756,1
1810,19735,1
6485,10978,0
3333,11314,1
5874,22646,1
11284,25453,1
11995,19566,0
7037,13447,1
221,11722,0
3937,5489,1
1247,8669,1
813,1632,1
5983,29358,0
6045,9529,0
36,1632,1
12646,19815,0
6593,9231,0
107,6970,1
14849,20401,1
10166,21703,0
1618,11808,1
8807,14903,0
19010,26907,0
7888,24467,0
2812,20805,1
7279,26502,0
10735,12716,1
12042,18233,0
9511,12893,0
4534,10217,0
984,23262,1
173,287,1
3229,3507,0
54,23714,1
34,3591,1
18773,27540,0
4313,27518,0
5539,19072,1
2503,17166,1
6466,19001,0
823,4961,0
15280,17270,0
1168,11857,1
9783,12796,0
6836,23390,0
11955,28465,0
23410,25426,0
7205,12691,1
16993,28630,0
610,26864,0
3937,14995,1
1680,7071,1
2481,5891,1
2614,24649,1
6285,18122,0
318,3323,1
18145,24810,0
1618,15281,1
2260,6104,1
173,236,1
6282,8180,1
8876,9268,0
5364,29752,1
4068,10754,0
6748,10132,0
482,23714,1
8135,23035,1
4534,23756,0
317,1503,1
169,19891,1
13084,24871,0
14013,15810,0
16750,26942,0
2052,12194,0
102,327,1
13588,22996,0
9109,14929,1
2477,3985,0
471,29394,1
29704,30232,0
873,10775,0
1295,1632,1
471,12894,1
19846,27791,0
11676,19630,0
287,1052,1
7347,28315,1
869,9032,1
18409,25441,0
6399,9302,0
98,17486,0
15714,21844,0
15154,26377,0
1632,19163,1
656,24941,1
61,2510,1
86,2492,1
3720,7912,1
9255,19380,0
11497,18282,0
500,11777,0
5163,21626,1
9160,14107,0
3247,16760,0
13617,25341,0
16107,23583,1
8188,19453,0
1203,2251,1
24,6008,1
11383,24020,0
54,414,1
19134,22805,0
8616,24337,0
199,14672,1
3191,7610,1
128,26634,1
12146,18979,0
16658,19388,0
3937,26634,1
820,6220,1
4636,21626,1
3196,29220,0
12928,12931,1
2384,25847,0
18880,22161,0
324,6970,1
8467,20023,0
1739,13150,0
6280,12541,1
16606,21396,0
2318,6805,0
3937,23129,1
235,7782,1
12601,30171,0
1697,23714,1
5015,19811,0
12114,14995,1
22914,25706,0
8448,22825,0
14069,26426,1
15907,17691,0
5957,27123,0
4235,11031,0
12718,17178,0
1839,3559,1
198,1229,1
13293,21097,0
7891,12808,1
856,16756,1
18132,26821,0
14687,17229,0
1697,11087,1
5588,18140,0
3450,6627,1
656,10891,1
3541,18889,0
2812,4549,1
18313,20272,0
5,32,1
481,23714,1
12299,25723,0
9716,18133,0
5499,21466,1
26614,27939,0
3748,30317,1
13656,28311,0
82,138,1
22145,25721,0
6296,23351,0
9408,19939,0
236,23856,1
17106,23714,1
1124,7556,0
5099,11775,0
34,2503,1
12682,19858,0
193,20185,1
6943,11680,0
28020,28595,0
295,24870,0
1168,23384,1
9049,10668,0
5392,14218,0
1066,11808,1
14943,16314,0
410,5543,1
2238,24639,0
9284,24192,1
18658,22119,0
11246,20511,0
1592,5252,1
4066,15821,1
326,1785,1
23759,26696,0
8741,26615,0
471,7071,1
27,26634,1
7430,12807,1
605,20058,0
12807,20401,1
642,12010,0
5,27,1
11724,11764,0
16106,29752,1
1810,26454,1
235,14485,1
5891,7071,1
10197,18475,1
1815,7432,1
6655,26776,0
9688,28398,1
4473,13741,0
69,30318,1
24056,30201,0
3700,22706,0
18922,29898,0
7071,7900,1
20199,22802,0
9679,13431,0
869,12894,1
8097,13166,0
327,14179,1
6104,20185,1
14572,22186,0
1993,24630,1
2463,4549,1
327,2218,1
2082,2717,0
12365,15398,0
11902,14586,0
14485,18403,1
8363,24424,0
3089,18084,0
14984,28297,0
1922,7279,0
10902,12460,0
3970,14959,1
6104,23583,1
19338,29902,0
8964,12929,0
7954,21394,0
324,19163,1
6819,7458,0
18968,19544,0
9032,12894,1
330,1229,1
19066,26834,0
167,4062,1
820,5889,1
4729,23714,1
2600,6104,1
3847,9873,1
7071,11808,1
4737,21827,0
12349,13527,0
5817,23979,0
1021,6554,0
494,23583,1
3181,20917,1
7205,7464,1
6918,7891,1
471,9881,1
9881,20401,1
24503,28707,0
869,17166,1
164,9536,0
8585,13347,1
19969,28330,0
2812,5013,1
2564,2920,1
20837,20916,0
12931,20590,1
6755,13521,0
20500,22558,0
10962,16405,0
2256,2814,0
12255,15184,0
21578,24346,0
23354,25346,0
18348,26622,0
2808,9870,0
109,12328,1
354,14849,1
511,30155,0
9873,15740,1
503,2481,1
4782,5163,1
4999,20917,1
12090,12362,0
1087,14179,1
8097,19329,0
18338,23967,0
517,2094,1
4325,7912,1
1195,2706,1
27,12971,1
16335,26990,0
2585,3609,1
6172,7186,0
4123,27769,0
16465,27280,0
10210,20590,1
16220,24872,0
1130,10334,0
3695,18444,0
1815,12971,1
6956,14673,1
200,18363,1
18960,25521,0
610,1785,1
1247,18785,1
1783,16973,0
2475,3591,1
10819,24380,0
6677,16533,0
4698,11999,1
471,7432,1
6909,25390,0
14332,27077,0
8109,20719,0
1810,11261,1
1773,6215,0
20057,21457,0
11287,15290,0
9407,19078,0
2000,7932,1
69,13268,1
12156,16895,0
3103,3247,0
4075,15740,1
5543,23856,1
2812,6280,1
969,1066,1
3449,3814,1
2087,7048,1
6936,19395,0
318,12541,1
2564,21610,1
5912,9609,0
5146,23262,0
10901,24941,1
1782,22573,0
18160,21060,0
5188,6515,0
1632,20185,1
11460,16805,0
327,4549,1
22262,27958,0
16107,24630,1
190,6200,1
1592,1815,1
6468,21392,0
13707,25138,0
10633,16547,0
8011,27352,0
2704,6353,1
20412,27178,0
17496,18698,0
3119,22315,0
494,7617,1
481,3447,1
969,7900,1
1519,4066,1
5810,18696,0
16513,29017,0
6104,19163,1
1153,22857,0
599,25982,0
13023,16126,0
1632,13922,1
31,196,1
24296,29089,0
2812,5889,1
6970,7766,0
7428,18683,1
3703,6918,1
13402,15756,0
235,2077,1
22853,28787,0
1818,19436,0
58,21856,1
4332,7285,1
12584,24293,0
8779,11912,1
6575,12928,1
193,7864,1
17136,24778,0
24653,27814,0
327,25694,1
5891,7938,1
1785,1810,1
2745,5646,0
2475,12894,1
8769,16466,0
9735,17700,0
7564,17083,0
39,1697,1
1069,17111,1
5956,6970,1
6375,11808,1
13353,26621,0
157,10912,0
1810,13178,0
637,27466,0
5606,13916,0
4055,28126,0
332,5526,1
5,70,1
869,2501,1
14801,28844,0
15052,15204,0
998,1544,0
17023,21309,0
8970,12793,0
2339,16642,0
1840,5876,1
2673,2708,1
997,4775,1
24531,29980,1
6297,18004,0
16294,21547,0
1219,9691,1
313,19163,1
4504,17390,0
8473,19799,0
6375,26210,1
552,21510,0
8159,8566,0
14676,27317,0
12807,16301,1
7465,20805,1
14381,21835,0
3789,22730,0
3020,30419,1
8669,24630,1
3814,18363,1
984,28398,1
813,23309,1
367,10356,1
16258,27311,0
914,2142,1
4012,19631,0
570,6695,0
2104,15159,0
61,3136,1
10380,16924,0
969,1626,1
2260,7782,1
10603,26020,0
696,4039,0
9933,12950,0
1784,4062,1
1220,8690,1
14429,15031,0
8818,17223,0
9349,14960,0
19738,26674,0
1626,7900,1
11476,27160,0
1068,20590,1
1981,3464,0
4215,19201,0
281,562,1
811,5888,1
129,1913,1
1033,27062,0
1843,25582,0
856,19735,1
28248,29871,0
5017,16106,1
24,5889,1
17470,18193,0
8845,22312,0
869,3591,1
3243,3921,0
119,3943,1
6613,11114,0
8622,27667,0
5837,23679,0
2932,27000,0
3447,16107,1
3291,17629,1
5526,9284,1
327,6565,1
16397,18513,0
3786,25010,0
3847,15946,1
1069,13447,1
969,7891,1
302,6918,1
1519,15821,1
6582,28637,0
60,24941,1
11206,15138,0
15150,24267,0
2111,7778,1
8299,24517,0
3136,14792,1
8804,18653,0
38,7125,0
6791,26055,0
14995,18344,1
494,5956,1
1225,1785,1
9183,19289,0
18439,24776,0
4549,12541,1
102,1632,1
307,2299,1
11390,25410,0
2600,7900,1
1247,17417,1
17573,29977,0
21070,21184,0
19100,20682,0
16106,30319,1
578,13778,0
5499,7891,1
1295,3937,1
12971,29394,1
8654,11297,0
12949,22890,0
2218,7782,1
606,2260,1
7617,23262,1
2069,24630,1
3937,29394,1
605,30317,1
4222,23369,1
2218,25694,1
1462,19252,0
14165,19735,1
2613,18906,1
8663,11686,0
1680,1840,1
1815,26634,1
193,24630,1
12106,17996,0
3535,21491,0
26156,26701,0
2837,11263,1
4948,14683,0
13203,17779,0
2292,23042,0
13684,26970,0
1182,10957,0
514,15170,1
26151,28900,0
6104,23057,1
1680,7938,1
498,15281,1
9659,10532,0
11762,16820,0
3461,29675,0
6617,14259,0
500,8625,1
6147,10322,0
8476,10221,0
6797,9188,0
8669,11358,1
1804,15392,1
107,1632,1
820,3323,1
9610,19344,0
13730,23308,0
1626,21676,0
4729,5082,1
10735,30415,1
2844,5177,0
481,17106,1
13229,16565,0
3910,6353,1
4507,15660,0
20366,24891,0
7900,9881,1
4306,17629,1
66,86,1
129,7432,1
578,26634,1
8923,23961,0
606,11701,1
679,4322,0
7244,25229,0
72,850,1
4437,24649,1
1257,24592,1
3847,13347,1
6104,23309,1
14225,19647,0
11731,23706,0
121,4400,1
246,9999,0
14214,24446,0
193,494,1
2613,6220,1
5194,7199,1
2776,17441,0
914,9822,1
326,7785,1
3725,6627,1
11695,29286,0
8644,11666,0
2874,3501,0
173,19891,1
727,15876,0
3048,10787,0
1066,7900,1
1069,2181,1
19293,25482,0
4759,25290,0
22363,28497,0
20613,25442,0
471,11808,1
34,16885,0
13773,14477,0
4307,20115,0
6002,24160,0
1044,8382,0
3729,12088,0
17164,24555,1
3136,14691,0
3323,5889,1
4325,6104,1
1441,20185,1
1503,3847,1
19599,21317,0
8585,19756,1
20093,22630,0
3451,18678,0
813,2613,1
5442,25600,0
5405,20502,0
2218,5956,1
17213,22278,1
119,5013,1
519,18264,0
2260,19735,1
14832,16197,0
572,1827,1
4062,8151,0
8031,17550,0
6188,28484,0
12014,26250,0
5194,6655,1
9302,15821,1
73,13153,1
16238,21457,0
8414,18801,1
8408,18906,1
605,29752,1
54,5163,1
17443,17775,0
16756,25694,1
7795,9723,0
1030,7938,1
326,12541,1
1519,23714,1
4729,21610,1
969,5891,1
5013,6970,1
23856,30317,1
1943,16168,0
2023,25328,0
9008,23262,1
2586,10891,1
3881,29115,0
7891,16301,1
1503,2308,1
4999,9302,1
1219,8690,1
10531,24399,0
16985,23384,1
410,12518,1
503,16301,1
2007,14091,0
13260,13553,0
1840,20881,1
4502,6353,1
3181,11087,1
512,6536,1
24495,25733,0
16105,18346,0
1389,11126,0
4576,28377,0
20895,21163,0
25115,26236,0
207,3051,1
4684,9793,1
471,1827,1
482,829,1
3037,5943,1
10891,23435,1
3852,7205,1
835,17758,1
12405,20287,0
17310,25869,0
14438,15148,0
17629,21993,1
25655,27286,0
8841,22459,0
72,835,1
481,6626,1
16037,23583,1
6285,8506,0
1366,16898,0
10576,25450,0
16139,28542,0
328,6565,1
4066,17629,1
129,326,1
11520,15976,0
2087,30318,1
1101,22532,0
508,21856,1
850,17664,0
24690,25738,0
7864,30222,1
129,2481,1
128,129,1
9024,28158,0
8972,13397,0
6375,12374,1
14873,24044,0
208,1513,1
14811,14884,0
323,24592,1
9285,25634,0
9893,20372,0
3312,22222,0
410,19891,1
1295,16037,1
5315,22333,0
1661,17549,0
106,474,0
13734,15726,0
8101,10096,0
9284,12120,1
5107,17320,0
3854,5269,1
796,3474,0
5469,27540,0
3968,15784,0
4066,4306,1
2463,25694,1
829,4066,1
19140,27656,0
10408,19179,0
1875,9132,0
1741,5542,1
3943,6280,1
3447,14837,1
820,7785,1
299,937,1
3155,12812,0
5806,19303,1
4205,24478,0
708,23100,0
4636,6626,1
24063,26447,0
1009,8414,1
18330,23469,0
4332,7610,1
1913,26634,1
7037,8625,1
38,30317,1
2775,17115,0
24110,28230,0
11510,21289,0
2218,4549,1
27266,28302,0
7,70,1
1142,12807,0
9115,22351,0
1169,8593,0
13317,27886,0
1220,9691,1
3781,13373,0
1336,14277,0
12236,22873,0
4356,5229,0
11386,12827,0
13820,17644,0
3748,20476,1
2087,11003,1
2077,7463,1
606,3910,1
11832,20507,0
119,7048,1
1363,12672,0
8682,28456,0
9384,29971,0
6677,15526,0
4549,23309,1
10802,22278,1
18835,24988,0
7003,30272,0
471,7938,1
5235,23181,0
2657,2837,1
27905,29258,0
196,2685,1
10918,26948,0
5656,14658,0
7822,22520,0
16134,18236,0
3323,6970,1
2837,18929,1
19815,22112,0
12658,20910,0
2077,7465,1
16165,18365,0
2725,30168,0
3720,18344,1
17970,25025,0
196,813,1
1237,26456,0
414,21993,1
9325,21723,0
1560,5479,0
2463,6104,1
208,283,1
1068,12928,1
17108,20712,0
1225,20185,1
8421,23289,0
410,2087,1
2500,14015,0
14786,15563,0
6485,19588,0
13643,17994,0
6314,30223,0
5542,10356,1
21640,22739,0
7499,29394,1
5,302,1
6806,14750,0
10914,24061,0
3937,7432,1
298,7430,1
11841,25429,0
2164,10103,1
1295,8669,1
2474,6682,0
11834,25970,0
199,367,1
1195,19163,1
7037,15281,1
3842,4932,0
15339,25082,0
324,2260,1
7463,18403,1
5355,23309,1
984,7822,1
481,15821,1
18300,22041,0
5353,5511,1
12836,24825,0
31,30421,1
1945,6656,0
4168,5803,0
3449,18363,1
1867,22007,0
204,20805,1
1072,10103,1
97,11808,1
2509,28470,0
8536,26959,0
19177,23263,0
5943,10901,1
16604,26127,0
2303,12201,1
1758,25760,0
5514,8690,1
1503,9793,1
1578,3447,1
482,4999,1
1361,19735,1
102,313,1
9466,20144,0
86,5163,1
18002,29621,0
3247,19726,0
1841,7503,0
6957,14675,1
19660,20915,0
5364,12518,1
6575,11736,1
19978,23444,0
19508,22592,0
14705,23414,0
20025,24118,0
16037,17213,1
4223,14573,0
190,8690,1
10901,14700,1
1583,3837,1
26047,26674,0
169,23856,1
19404,30133,0
15962,22879,0
1578,21993,1
1100,17814,0
4639,27025,1
11676,15365,0
107,1785,1
11322,26119,0
12860,28200,0
11441,13561,1
2540,22313,0
12691,22646,1
287,24675,1
1198,1220,1
10891,17111,1
3677,10252,0
5065,12813,0
7229,27962,0
976,16037,1
2044,20805,1
1168,10891,1
549,2156,0
352,1229,1
10522,14455,0
3037,13740,1
7750,11469,0
744,6155,0
19735,24592,1
10040,20713,0
6000,23583,1
11867,12969,0
3943,4549,1
337,14501,0
107,2812,1
2260,5013,1
21217,30263,0
2260,5355,1
82,596,1
2613,12541,1
3688,23103,0
190,9691,1
14754,21279,0
813,6565,1
4999,23714,1
4782,17214,1
24498,26535,0
17296,29103,0
1096,18955,0
4103,24932,0
86,1295,1
328,8408,1
7249,7254,0
17049,24395,0
1618,1632,1
3607,24232,0
323,20185,1
280,1361,1
11543,16876,1
9719,28376,0
1022,17407,0
928,18200,0
5355,24592,1
19145,23272,0
318,8408,1
984,7864,1
3311,6489,0
10481,16699,0
2812,13978,1
11182,21557,0
16097,22309,0
3469,12062,0
811,9881,1
7091,29572,0
21611,26523,0
128,9881,1
9015,22392,0
1295,8414,1
2164,10197,1
296,30318,1
8669,12700,0
3937,4502,1
97,6104,1
1556,27454,0
6104,28398,1
2866,29906,0
12130,24151,0
14919,16540,0
4180,15540,0
5561,11831,0
402,8886,0
6376,8997,0
109,597,1
1165,10609,0
18898,21379,0
3082,18180,0
352,1219,1
8651,16230,0
10737,11441,1
3555,14837,1
13394,30106,0
622,13618,0
326,18403,1
23506,29807,0
2072,24531,1
326,2260,1
13704,19108,0
16267,30054,0
2826,20261,0
7285,30415,1
1220,6200,1
11436,19163,1
6744,10592,0
186,279,1
3181,21993,1
5976,21183,0
494,11261,1
4869,27269,0
25393,26478,0
8709,19217,1
298,16301,1
4698,30421,1
7432,12971,1
107,2260,1
11284,19919,1
820,3994,1
4530,13376,0
5499,12928,1
7699,9443,0
313,12541,1
23759,23984,0
6278,9189,0
1913,9881,1
87,610,1
4618,17758,0
10807,11429,0
997,5529,1
127,12971,1
934,20105,0
10599,20005,0
181,296,1
11150,17197,0
3847,8336,1
10262,28634,0
172,8723,0
18906,23262,1
17570,30093,0
1229,6200,1
2044,6008,1
10103,11561,1
5360,24422,1
8692,28869,0
10699,23555,0
1361,11701,1
10607,14717,0
616,6280,1
4637,4817,0
313,5874,1
11754,30419,1
19163,23262,1
3702,24874,0
414,482,1
12691,14485,1
1831,17424,0
1075,4123,0
19735,20185,1
12113,27206,0
8844,9049,0
1810,6970,1
3436,21207,0
11543,14179,1
296,1067,1
656,10901,1
610,7864,1
3037,7289,1
1071,8443,0
82,1913,1
7900,12808,1
3181,4306,1
1066,15281,1
5355,6970,1
8158,24119,0
2136,8411,0
813,856,1
2380,11164,0
127,471,1
17212,22278,1
6000,22278,1
13809,22555,0
2004,8312,0
1361,7822,1
984,20185,1
7891,12807,1
1508,30318,1
16317,29064,0
3937,14418,1
3748,12518,1
6972,23982,0
8585,15946,1
4452,13377,0
16325,18584,0
7262,18859,0
572,7900,1
7400,16808,0
18867,24653,0
6994,27098,0
1198,1229,1
10891,13447,1
410,30320,1
21351,28344,0
494,2613,1
605,7048,1
815,23494,0
16993,27519,0
984,2260,1
127,16301,1
2668,16650,0
107,13978,1
287,30319,1
328,25694,1
4698,19355,1
16015,20042,0
8144,11575,1
18443,21097,0
6575,12803,1
6069,28288,0
18318,25546,0
3033,3037,1
7860,26578,0
1606,6996,0
10103,12374,1
4904,12928,1
11999,19355,1
5545,6829,0
12800,19464,0
17336,19990,0
6253,21857,0
7390,19567,0
196,341,1
2486,13561,1
656,13447,1
4391,10872,0
1733,28538,0
1441,20402,1
12659,19806,0
11483,23396,0
181,283,1
10477,11982,0
2240,18891,0
467,12201,1
8389,14964,0
2586,19337,1
4865,7318,0
7145,8332,0
89,20401,1
12531,14553,0
313,616,1
313,5956,1
14209,14849,1
1068,12931,1
6518,21624,0
2840,19352,0
326,5956,1
5360,14069,1
813,24592,1
15059,16042,0
360,23788,0
54,3181,1
11857,18644,1
102,5874,1
7838,13849,0
1295,14165,1
2088,11497,0
299,5866,1
7552,11859,0
18686,21152,0
1092,16194,0
13696,23925,0
5355,7465,1
500,10901,1
324,7864,1
1680,20590,1
4143,18299,0
1870,7618,0
16106,20476,1
11861,11868,0
1618,6104,1
54,1578,1
2079,27624,1
8669,14165,1
87,323,1
10912,27239,0
18242,22799,0
86,17213,1
976,1195,1
2613,28398,1
2260,2613,1
4823,26445,0
5084,8172,0
3606,11431,0
9329,16229,0
5534,9934,0
5321,10210,1
19988,29932,0
8469,10649,0
7463,12691,1
324,494,1
1372,9829,0
1079,6918,1
559,7430,1
3020,3440,0
3012,5180,0
17510,27071,0
6434,27450,0
11212,14674,0
367,1067,1
16472,16648,0
6353,7617,1
8537,9671,0
9881,29394,1
323,6970,1
4100,26477,0
2586,3037,1
2320,6695,1
1785,6104,1
328,6233,1
81,1508,1
799,23072,0
7785,11543,1
173,3837,1
820,20402,1
6221,24592,1
2142,22875,1
2229,17867,0
5348,24192,1
7288,16167,0
9638,11742,0
7782,8408,1
5889,8408,1
280,1219,1
3248,21679,0
9894,11151,0
2143,26051,0
3703,20590,1
43,1503,1
1295,11007,1
5891,12928,1
19355,30421,1
2486,8142,1
8669,23583,1
2746,2803,0
13073,21368,0
21670,27304,0
11835,26918,0
19176,21599,0
6201,7292,1
1827,10197,1
72,78,1
79,208,1
5499,20590,1
169,5364,1
14863,15821,0
15225,15318,0
464,9015,1
14956,28557,0
5364,30320,1
838,14944,0
10413,29384,0
869,20401,1
7797,8628,0
559,12807,1
11710,27492,0
17444,26934,0
503,7430,1
13,69,1
19811,28251,0
842,4182,0
4905,23655,0
856,11701,1
22856,28011,0
5873,27569,0
656,3033,1
7102,16112,0
21796,24546,0
627,16842,0
9469,18051,0
12718,27015,0
4381,15780,0
23972,24682,0
503,17166,1
6939,15283,0
1482,15552,0
338,4332,1
20919,28072,0
86,23583,1
16134,27694,0
54,15821,1
22272,29369,0
3037,18644,1
7968,21772,0
15302,28960,0
119,13978,1
5742,14936,0
227,25706,0
15944,23079,0
6410,11017,0
4653,25205,0
8919,16786,0
305,6674,1
9663,12719,0
10101,19961,1
7133,12144,0
709,5764,0
7807,7868,0
81,8095,0
73,14069,1
87,7822,1
24871,27973,0
327,1632,1
4549,8408,1
11981,16587,0
464,21610,1
743,28096,0
5699,21767,1
471,12928,1
794,12795,0
2657,30418,1
1810,9008,1
2719,29038,0
21105,26194,0
204,7782,1
17556,24120,0
616,2077,1
5956,8408,1
904,7745,0
127,25892,1
181,10443,1
5355,20402,1
14,4684,1
1913,7499,1
410,3356,1
3573,19167,0
2378,6161,0
493,13147,0
823,11857,1
7205,7465,1
16218,23572,0
4684,9873,1
21988,28264,0
109,410,1
4717,28968,0
6723,7071,1
8181,10062,0
7746,14036,0
18801,23054,1
813,820,1
11600,18433,0
7037,8687,1
7205,7463,1
7849,17747,0
1503,6263,1
236,30319,1
15725,21479,0
21376,23510,0
3340,18076,0
207,5866,1
10228,27442,0
193,19163,1
2087,8691,1
11958,14111,0
2708,25453,1
18025,18443,0
13897,26952,0
8771,14603,0
11561,18475,1
1257,2704,1
3496,23001,0
191,198,1
4443,4782,1
280,9742,1
3937,6163,1
6700,9793,1
13077,20862,0
9846,15150,0
34,12894,1
13262,15171,0
6567,19673,0
13529,28202,0
1995,17021,0
97,1632,1
6008,7464,1
2482,15116,0
6415,13631,0
4346,10007,0
1295,3447,1
12772,23576,0
10891,24555,1
2501,4729,1
6349,16199,0
87,7864,1
7025,15317,0
18475,22189,1
1092,13447,1
4222,20590,1
4166,17668,0
6669,27138,0
5742,11073,0
3181,9302,1
280,1441,1
5359,18148,0
475,30420,1
8142,17166,1
6445,22036,0
2585,6163,1
1503,4684,1
23469,24900,0
22706,25977,0
24117,29999,0
446,5543,1
107,328,1
8585,9793,1
578,25892,1
2586,24941,1
21706,24847,0
2409,7510,0
4222,7938,1
1220,9742,1
1219,9742,1
481,4306,1
821,11857,1
23617,28188,0
11529,23754,0
23621,26107,0
1827,16301,1
11505,15070,0
1247,17212,1
5013,28398,1
10859,25823,0
7891,9881,1
8691,12518,1
5636,18367,0
4502,5526,1
10051,21800,0
24164,26886,0
10575,26787,0
13779,18817,0
1464,5968,0
27,16991,0
102,5956,1
17320,25278,0
9789,12636,0
20687,21661,0
9872,15740,1
38,30318,1
5951,24643,0
14314,15503,0
16121,23384,0
3814,20185,1
4999,11087,1
2098,5355,0
1810,7822,1
3242,13767,0
15821,21993,1
193,856,1
15392,20201,1
4549,6104,1
326,6233,1
856,14485,1
1511,4066,0
26749,27208,0
86,4443,1
4306,15821,1
7761,10221,0
1354,5958,0
318,6104,1
25217,28580,0
1531,24996,0
3994,5013,1
2304,19072,1
482,21610,1
2463,18906,1
7987,15801,0
6671,28494,0
10580,25729,0
494,9008,1
1632,14179,1
3825,18002,0
8806,9228,0
8452,15317,0
13740,18166,0
12887,19369,0
5509,8973,0
20476,30319,1
4075,4684,1
3339,25005,0
21876,26776,0
302,319,1
2069,19163,1
21413,21649,0
11304,16658,0
9010,11255,0
5000,21797,0
34,11441,1
1069,6282,1
1030,1840,1
10231,28392,0
11649,25788,0
11276,26786,0
3937,11441,1
12604,14736,0
16985,17164,1
6918,11808,1
969,11808,1
4752,14199,0
191,9691,1
6000,18801,1
19451,28898,0
11556,29192,0
2195,14319,0
9016,12894,1
102,25694,1
2132,14086,0
10248,10729,0
313,4549,1
1387,13588,0
236,20476,1
27,9881,1
6581,12941,0
24422,26426,1
5937,13832,0
24171,28072,0
9873,15759,1
34,5082,1
1503,9872,1
196,207,1
10891,24941,1
5943,24941,1
1336,14462,0
7520,15605,0
2303,30222,1
4408,27742,0
6353,11261,1
1297,24869,0
6021,13625,0
5348,6267,1
228,1052,1
54,482,1
11091,25228,0
13447,16985,1
16902,18795,0
494,24630,1
7889,25871,0
35,2459,0
7094,10356,1
17659,24858,0
66,16037,1
1009,10919,1
1069,14700,1
287,3725,1
766,25576,0
3182,25251,0
328,20402,1
9159,27459,0
6575,12114,1
13538,19721,0
13447,21093,1
2082,9200,0
997,2492,1
13554,16251,0
23198,28064,0
2706,30222,1
1247,16037,1
26648,28554,0
204,327,1
352,1220,1
10040,15522,0
13256,29049,0
5087,27327,1
8377,14155,0
5111,15338,0
129,328,1
902,11559,0
1069,2659,1
7788,15332,0
4332,10735,1
6926,14434,0
9599,10251,0
78,302,1
16590,22790,0
1783,2247,1
4564,13439,1
9098,17935,0
10339,16821,0
8720,19581,0
3,4527,0
4325,12114,1
2308,15740,1
14510,18459,0
23609,24248,0
12877,26162,0
2510,5489,1
1824,2950,0
9533,12096,0
280,323,1
4264,10980,0
318,2812,1
18091,22498,0
463,11447,0
79,1783,1
70,2000,1
6230,21767,1
10576,11359,0
12599,16110,0
1228,23137,0
1827,2600,1
5013,23262,1
129,2613,1
869,2920,1
22153,23638,0
559,7499,1
3181,4066,1
3928,22758,0
4972,18859,0
199,30317,1
8761,27010,0
318,18906,1
14426,29639,0
326,4549,1
9450,19924,0
1815,25892,1
849,1009,1
18748,18773,0
1069,13740,1
572,12807,1
58,12328,1
2308,4684,1
2492,3181,1
305,5194,1
39,15821,1
5291,14855,0
5499,11736,1
7603,28430,0
3990,21634,0
1065,15053,0
4377,23906,0
11125,12860,0
1009,12201,1
9159,23248,0
8709,20201,1
8414,22278,1
22624,27340,0
2758,22166,0
7034,10495,0
14030,30073,0
4176,16286,0
11887,26255,0
1632,4549,1
572,25892,1
86,1009,1
5952,27276,0
28367,29073,0
38,181,1
2044,18403,1
25263,26017,0
23978,26685,0
29119,29356,0
3093,9008,1
2613,3323,1
245,17484,0
7069,28939,0
4874,12971,0
12360,21502,0
4075,6700,1
22125,29282,0
10879,29934,0
16726,19008,0
15903,16746,0
5693,13554,1
417,446,1
2035,30262,0
1578,2492,1
481,829,1
2654,28001,0
2614,7864,1
26634,29394,1
17164,23384,1
1225,19163,1
12324,17126,0
16447,23543,0
235,410,1
4564,16755,1
87,1441,1
13,605,1
29752,30318,1
5163,17629,1
5598,26215,0
4904,5321,1
9516,30135,0
15603,15847,0
2168,18684,0
18401,28268,0
102,2613,1
3990,10220,0
5956,16756,1
11436,16378,0
18205,19171,0
11007,12114,1
1028,2673,1
18130,24315,0
235,18403,1
829,4999,1
4369,6029,0
366,7094,1
9109,23337,1
6588,13076,0
6001,20590,1
8924,28135,0
6274,29913,0
53,196,1
129,327,1
60,3037,1
4220,23369,1
10982,14006,0
1069,24555,1
9688,11701,1
280,18363,1
2676,15821,1
14,6700,1
559,1815,1
11311,19190,0
2704,9688,1
19103,22271,0
14,317,1
14241,26697,0
6575,23369,1
207,299,1
498,11808,1
328,15219,0
984,23309,1
2531,16065,0
16661,28464,0
2706,24630,1
3937,11007,1
17005,28350,0
328,24592,1
796,7147,0
7900,22320,0
5889,6104,1
16544,20212,0
15426,24603,0
17163,29062,0
4443,4775,1
3872,27284,0
2377,4849,0
636,3559,1
17188,27380,0
606,20402,1
287,14153,1
328,14179,1
475,8625,1
482,21626,1
4729,10935,0
8834,14959,1
8515,28859,0
21334,26488,0
1842,3438,0
1441,1810,1
8940,17810,0
1479,3051,1
5692,11886,0
16811,29389,0
10919,23583,1
28216,28538,0
14624,15063,0
8408,14485,1
20793,22804,0
1697,3447,1
6742,29225,0
167,1839,1
12260,14388,0
6234,21789,0
4636,23714,1
16384,29384,0
9158,25856,0
1212,27922,0
2199,13256,0
2720,15080,0
907,15637,0
24832,26209,0
1378,22465,0
190,5929,1
22238,24340,0
10264,23689,0
7912,23369,1
6104,14995,1
280,11701,1
13268,16106,1
16445,29011,0
9688,24592,1
12867,16496,0
3937,19735,1
236,7048,1
2525,16557,0
471,1913,1
25137,28179,0
4542,9904,0
10101,11284,1
3791,28081,0
15282,21586,0
931,14339,0
2933,21786,0
11087,17629,1
552,27932,0
3555,16107,1
15415,17870,0
9037,19718,0
2842,16106,1
3037,23384,1
17001,21108,0
1111,10903,0
13447,23384,1
5686,16838,0
280,6353,1
3030,28924,0
10773,22434,0
8315,21959,0
22789,24783,0
2613,23262,1
287,12328,1
984,24630,1
16545,23515,0
16640,20598,0
2759,27814,0
167,328,1
6221,20185,1
200,280,1
12188,18741,0
11219,27112,0
6073,12583,0
332,6267,1
323,20402,1
21323,25479,0
368,1727,0
15272,19337,1
19532,25478,0
8719,18755,0
597,20476,1
597,19891,1
646,11561,1
17339,28400,0
2492,23583,1
2980,27366,0
3937,20185,1
15541,19605,0
21987,28873,0
89,9881,1
18210,21411,0
24899,24999,0
605,3051,1
3450,5055,0
6282,10523,0
13017,25157,0
22526,27833,0
1295,4782,1
16985,24941,1
2413,5493,0
22442,26676,0
2613,14179,1
4333,5163,0
6723,6918,1
5806,17742,1
6250,8665,0
60,23384,1
7483,7864,1
20879,22066,0
102,20805,1
2164,6375,1
6430,15618,0
12344,21486,0
717,9384,0
21076,26876,0
14485,22646,1
13699,19516,0
2938,23759,0
464,2503,1
328,5956,1
19450,23870,0
102,107,1
7,317,1
208,296,1
11358,19163,1
559,17535,0
3092,23639,0
7782,18403,1
16469,19104,0
9849,14785,0
60,3033,1
2079,29779,1
1225,24592,1
6957,14672,1
2376,9791,0
204,6008,1
2501,24522,0
4434,24345,0
119,367,1
119,14861,0
1168,7037,1
2920,17166,1
1203,7285,1
4135,15970,0
22142,28548,0
2659,10901,1
24,20805,1
5850,30206,0
14035,22265,0
18297,28625,0
11151,13908,0
595,1194,0
3852,20805,1
22287,24800,0
4427,25389,0
5071,8144,1
327,18403,1
811,12808,1
3220,30180,0
15146,25070,0
14787,20891,1
912,13878,0
1171,13581,0
107,6104,1
169,5543,1
969,3748,1
6349,16042,0
6793,12820,0
5776,15159,0
6012,20113,0
2999,27223,0
7938,11808,1
3451,5566,0
856,5355,1
20185,24630,1
20769,29280,0
6904,14209,0
1069,16985,1
235,236,1
4816,12791,0
328,3943,1
9564,20467,0
5542,7048,1
15821,20917,1
16252,16449,0
3559,4062,1
15546,29345,0
3748,4400,1
2164,22189,1
11992,26784,0
12374,22189,1
5891,10197,1
199,7048,1
7069,16397,0
22177,27876,0
17537,24142,0
321,14792,1
323,23262,1
12727,19135,0
9164,18293,0
1618,5891,1
1092,8625,1
976,997,1
1785,2613,1
14384,19678,0
2668,21451,0
10294,27925,0
10076,24516,0
8625,13447,1
605,2087,1
22417,23070,0
191,9589,1
4801,12595,0
11382,17281,0
9833,28083,0
311,14675,0
107,25694,1
2492,6351,1
2269,19907,0
18742,26948,0
1295,12201,1
11808,15281,1
102,26739,0
6970,11701,1
169,410,1
997,5163,1
1441,28398,1
4639,19919,1
193,23262,1
2301,6695,1
18906,28398,1
9501,29230,0
6221,23309,1
686,12145,0
1247,6000,1
11952,30302,0
1441,6221,1
10340,27507,0
5126,26111,0
102,820,1
7440,28110,0
15856,18634,0
8807,11792,0
5991,24737,0
8591,28146,0
2812,18906,1
296,1508,1
326,856,1
1295,3931,1
324,11701,1
13153,26426,1
27267,30249,0
482,6626,1
1072,4910,1
18216,22935,0
11039,13981,0
9119,24324,0
24012,27959,0
13930,21549,0
8202,13914,0
1066,1827,1
1195,23583,1
646,17162,1
1723,17184,0
7,17758,1
323,7822,1
199,10356,1
4113,17393,0
1917,2026,0
8283,28180,0
4370,28701,0
8221,15879,0
28552,30017,0
22104,28223,0
1209,18419,0
193,1785,1
1185,16396,0
5888,9881,1
1028,12120,1
12201,18801,1
14313,25800,0
6226,9509,1
481,2492,1
19940,26231,0
3970,21466,1
1627,27556,0
7071,10197,1
49,7198,0
5130,26157,0
16096,21093,0
6677,13680,0
856,984,1
28194,29163,0
1741,12518,1
3719,17673,0
2706,14837,1
3206,27360,0
8601,21673,0
7289,24555,1
4811,26745,0
14849,17166,1
16150,26349,0
6372,26566,0
6720,12405,0
17111,17164,1
1028,4638,1
1703,17711,0
19630,30229,0
2077,7205,1
5813,6155,0
23308,26351,0
1504,21437,0
5120,27180,0
2299,29980,1
813,2463,1
2890,13419,0
23262,26454,1
9822,13378,1
17278,26654,0
7739,28274,0
820,6970,1
6685,6942,0
8669,19163,1
1578,11087,1
2090,21670,0
3401,11058,0
3812,21575,0
12909,27209,0
1632,14995,1
10890,21533,0
7231,14009,0
199,228,1
102,3943,1
7900,20590,1
6700,8336,1
8229,26622,0
327,11543,1
14065,16976,0
4058,14892,0
82,1815,1
16107,19163,1
7486,23190,0
19469,21035,0
2363,6782,0
4523,12639,0
4188,12631,0
7285,22116,1
409,8894,0
10221,16915,0
1087,7785,1
15811,24257,0
504,17442,0
7870,27106,0
11934,16108,0
8072,17332,0
1009,5163,1
6387,21838,0
17955,18771,0
3748,19891,1
106,23195,0
8529,28651,0
6287,21987,0
2449,21282,0
481,4066,1
16796,24729,0
12953,14991,0
2613,13978,1
2564,9015,1
12035,27769,0
24544,27442,0
1827,15281,1
14634,20210,0
2164,4910,1
318,5013,1
10103,18475,1
18439,26587,0
5908,11436,1
236,6957,1
18112,19176,0
12806,19961,1
21386,27951,0
9355,10909,0
10992,11540,0
2492,4782,1
820,4549,1
6448,22357,0
5321,7071,1
3093,14959,1
1519,21610,1
29,23259,0
1394,7613,0
8663,23784,0
5102,21444,0
1632,2657,1
1632,1785,1
7124,17716,0
6755,16616,0
23363,24531,1
2613,2812,1
1295,5163,1
12427,24312,0
2181,13740,1
6198,7199,1
471,12807,1
14622,22377,0
9118,18285,0
13447,19337,1
1195,3555,1
5595,24550,0
61,3937,1
813,28398,1
11859,21416,0
20942,29927,0
268,8214,0
79,827,1
4346,6626,1
12764,30281,0
471,503,1
127,7499,1
23557,28868,0
3733,13192,0
2046,17913,0
605,30321,1
13415,23401,0
6221,11701,1
1225,6221,1
7270,11744,0
4234,25542,0
327,1785,1
3993,24644,0
6957,26487,0
11441,14849,1
8875,14455,0
10514,11254,0
1860,27822,0
820,3943,1
4775,23583,1
13373,26304,0
9774,20271,0
9688,23309,1
973,8722,0
11912,18475,1
13883,16947,0
1295,3720,1
10300,26180,0
2601,16275,0
6375,6723,1
20416,22302,0
3720,6104,1
24770,27916,0
6631,29361,0
8141,21093,1
12585,26414,0
14745,23669,0
16701,26758,0
1680,6918,1
8129,22969,0
2706,19163,1
10539,19756,0
4132,25345,0
11604,23254,0
4549,13978,1
10644,24652,0
5802,29164,0
2613,8408,1
9284,25453,1
4226,29924,0
3447,22278,1
3654,19564,0
3129,7110,0
16856,29031,0
181,208,1
3547,11543,1
3181,11063,1
10382,19126,0
280,30222,1
1218,16505,0
1913,2481,1
14667,27821,0
7782,20402,1
60,8180,1
19546,21422,0
2111,4698,1
414,11087,1
15699,16764,0
298,2481,1
6475,25576,0
8608,23058,0
5139,23355,0
6626,21626,1
6780,24178,0
2492,6626,1
5204,22819,0
17162,18475,1
338,6391,0
22928,23962,0
10282,28704,0
235,5542,1
2707,11543,1
7402,12248,0
6282,10891,1
18333,19259,0
4775,18801,1
6104,14179,1
18086,18787,0
1441,11701,1
467,7483,1
14230,14361,0
13447,15272,1
8146,26169,0
12120,25453,1
18106,20875,0
3323,5956,1
1532,11047,0
14966,27849,0
23238,30115,0
10101,25453,1
313,18906,1
321,3940,0
2038,5226,1
326,13978,1
17277,28656,0
15180,22905,0
23856,30318,1
3033,13447,1
1810,28398,1
534,19337,1
1697,11063,1
16286,26273,0
1361,28398,1
2657,3937,1
798,29493,0
14626,26156,0
60,8687,1
10031,27148,0
216,26087,0
129,25892,1
7071,12931,1
481,1697,1
326,1632,1
6282,14722,0
3952,22338,0
1009,14995,1
7118,23465,0
39,17629,1
976,4782,1
5355,22646,1
138,1815,1
190,9589,1
25981,28092,0
5617,22243,0
66,4775,1
321,2657,1
25147,25353,0
8216,8807,0
7088,7545,0
3937,7822,1
829,1697,1
20059,29639,0
14606,23049,0
15864,24728,0
12291,22550,0
10832,17812,0
6077,24184,0
17162,24336,1
2087,29752,1
2659,13447,1
8414,24630,1
16972,27618,0
984,1785,1
18126,22652,0
7716,14999,0
313,16756,1
31,79,1
3110,29301,0
1785,4549,1
1578,23714,1
4130,24731,1
1632,2260,1
3127,26366,0
22269,28052,0
5538,23909,0
17212,18363,1
8149,10480,0
1839,5269,1
856,2613,1
72,1697,1
497,2304,1
3748,10356,1
12808,20401,1
2308,6700,1
69,30317,1
5699,16895,0
8834,15504,0
616,2812,1
4393,10084,0
1295,10919,1
107,3323,1
729,26158,0
3547,14179,1
4476,5273,0
11652,18730,0
66,4782,1
7154,24516,0
481,4636,1
20570,24236,0
1128,10265,0
2600,7891,1
17824,22795,0
20476,30320,1
6575,11808,1
5524,8774,0
1592,5908,1
3093,23369,1
7737,24531,1
2706,8414,1
16682,23608,0
12999,18672,0
1799,15456,0
1213,25519,0
2110,7594,0
15490,29117,0
1723,17668,0
5928,23099,0
10901,19337,1
6230,9480,1
1274,2341,0
8691,11003,1
21133,28556,0
326,3323,1
13708,22493,0
813,5889,1
328,6970,1
286,29965,0
29675,30134,0
13637,22701,0
1705,17629,1
498,5891,1
191,330,1
4469,7811,0
5,1592,1
6970,7822,1
15346,27350,0
559,12808,1
15225,28074,0
3093,11261,1
494,2706,1
204,7205,1
475,23435,1
49,23112,0
5013,13978,1
2708,19919,1
72,6866,0
6575,21466,1
6280,18906,1
1247,4782,1
5132,7730,0
5,14209,1
7508,20418,0
16069,17334,0
15050,26671,0
1632,3720,1
2564,4346,1
2218,2613,1
7289,17111,1
25611,26257,0
15882,23203,0
6991,7346,0
2586,23384,1
8673,27322,0
1632,24630,1
17419,26538,0
14108,24438,0
280,6970,1
1009,8669,1
3943,16756,1
1618,7891,1
2247,18363,1
7894,22988,0
1066,1794,1
20497,30010,0
15382,17752,0
10329,16176,0
202,22050,0
820,26735,1
6124,19059,0
14805,26552,0
3970,4506,1
5889,5956,1
475,11441,1
616,2463,1
475,14209,1
2901,25873,0
361,28028,0
4539,28862,0
10917,13657,0
13747,14647,0
54,2492,1
8687,13447,1
22636,24500,0
820,18403,1
969,2842,1
21938,26747,0
425,2764,0
10625,10682,0
1170,4390,0
11858,25733,0
1253,5507,0
19887,22623,0
4222,5891,1
8952,11696,0
6536,9509,1
1091,23969,0
6719,25568,0
208,11857,1
10450,25010,0
1225,7864,1
2837,5071,1
326,2812,1
12950,24329,0
1519,4306,1
330,1219,1
813,2260,1
326,16756,1
3931,6104,1
9198,30131,0
300,1592,1
757,21045,0
18101,28424,0
2181,10891,1
2614,14165,1
12894,13561,1
54,4999,1
2380,30204,0
15512,29039,0
24005,28722,0
3486,28959,0
32,66,1
280,3814,1
1203,6541,1
11162,20657,0
16413,29910,0
12525,28980,0
1219,5929,1
5191,8497,0
3748,29752,1
2535,29241,0
119,30318,1
15375,19422,0
1168,16985,1
969,4400,1
9709,14098,0
10118,17538,0
14837,22278,1
10988,25803,0
5991,20958,0
5489,23008,0
204,326,1
10945,25894,0
18812,23436,0
5404,7716,0
2600,11808,1
5278,23431,0
1052,13268,1
11543,16927,1
17213,18363,1
14559,18683,0
296,8365,1
1069,7037,1
17426,30152,0
11552,14200,0
14165,14837,1
3703,7071,1
10173,13249,0
39,3181,1
18552,19337,1
794,1233,0
24576,26863,0
2111,8708,1
13740,17164,1
8977,19603,0
12518,19891,1
1066,6104,1
13601,17378,0
3893,20698,0
6351,18785,1
17517,25946,0
7205,28398,1
2466,13034,0
3937,6267,1
11007,23583,1
3555,7483,1
15607,30172,0
10891,23384,1
20976,23400,0
4115,19625,0
9876,15100,0
1592,6104,1
2260,11701,1
8687,10891,1
813,13978,1
5067,13162,0
5417,6094,0
14488,17742,1
16111,19811,0
4529,23317,0
25094,25209,0
9316,10275,0
481,4346,1
11314,14502,0
30127,30260,0
1653,23447,0
2613,26634,1
20373,29130,0
119,199,1
119,410,1
4638,27025,1
1430,21137,0
12057,17527,0
16118,16481,0
4740,29289,0
1530,15628,0
1892,2536,0
4241,10236,0
914,9079,0
204,2613,1
2508,5861,0
1840,12931,1
471,7891,1
21029,28809,0
4287,20401,1
12584,13663,0
191,9742,1
11322,25355,0
16940,20329,0
60,18644,1
1810,9688,1
1203,1541,1
129,138,1
869,2486,1
20842,29021,0
526,16013,0
5888,7430,1
10864,24882,0
5350,14103,0
610,20402,1
167,1784,1
3937,25892,1
562,14217,0
11808,20590,1
12776,29219,0
13077,15719,0
475,2659,1
6037,8537,0
24126,28617,0
820,16756,1
3937,12806,1
417,10356,1
14376,25462,0
849,1295,1
8585,9873,1
6351,23714,1
6020,25827,0
6809,26760,0
21567,29379,0
5195,25952,0
1081,15578,0
22244,26942,0
3824,21631,0
4782,17213,1
9223,16176,0
323,494,1
3748,12328,1
12798,17659,0
4346,23714,1
1503,5269,1
102,318,1
2564,5082,1
663,8599,0
9173,23643,0
2845,11666,0
6163,18180,0
11284,12120,1
4306,4999,1
280,9691,1
4066,17106,1
19980,20325,0
129,9881,1
9816,18950,0
102,4549,1
280,330,1
24,327,1
12084,17739,0
1229,9691,1
24707,25569,0
7428,26283,1
5163,21610,1
5843,20106,0
7527,19788,0
464,2920,1
7483,11358,1
7430,12971,1
2600,5891,1
6179,14402,0
1632,11543,1
5000,26687,0
4916,18869,0
646,22189,1
7020,26296,0
2606,3030,0
9201,26252,0
8694,28439,0
13447,17164,1
121,597,1
400,417,1
119,4549,1
2387,22442,0
327,5889,1
4636,5163,1
8223,27782,0
10389,18208,0
5163,17106,1
28323,29958,0
27305,28927,0
400,29752,1
332,3609,1
5226,8834,1
283,296,1
46,19784,0
3931,23175,0
8180,14700,1
606,1810,1
14485,24592,1
10545,24718,0
2920,12894,1
24273,28591,0
9781,20037,0
4516,22272,0
422,7949,0
9652,26456,0
324,1785,1
204,14485,1
13297,17718,0
23493,24176,0
14713,17184,0
3264,22142,0
5013,6565,1
17611,30083,0
19292,25737,0
11523,17197,0
11102,19593,0
2463,19163,1
13268,19891,1
572,11808,1
7785,16927,1
1876,3055,0
8783,17231,0
6593,22977,0
2657,6104,1
326,26634,1
578,2481,1
16985,19337,1
1068,7071,1
4882,16663,0
12698,29332,0
1632,2812,1
16481,28157,0
5846,17174,0
9248,10085,0
1578,20917,1
28436,29888,0
17446,29112,0
3703,7938,1
3857,3910,1
7881,8533,0
87,1225,1
13541,16169,0
27844,28627,0
235,7205,1
8141,13447,1
9284,23129,1
127,26634,1
5526,15717,0
11814,12271,0
3748,30321,1
3081,22459,0
11799,13810,0
2162,28090,0
24,2463,1
9109,14930,1
109,605,1
2536,19053,0
22797,25520,0
7132,20560,0
280,8690,1
4713,17196,0
24,6104,1
722,8779,1
7380,9449,0
193,6970,1
326,327,1
1099,6276,0
235,3748,1
1728,12487,0
7183,12162,0
4400,30319,1
327,8408,1
8244,10758,0
2585,23129,1
2218,14485,1
14,15740,1
16721,20520,0
1632,11007,1
1220,5929,1
3010,9292,0
7635,28392,0
559,2481,1
34,14209,1
24381,27868,0
216,14534,0
13763,18408,0
11098,19684,0
2303,2614,1
610,7822,1
280,1785,1
2245,24326,0
1811,27956,0
597,29752,1
6723,20590,1
3394,20232,0
11161,15254,0
610,28398,1
8625,17111,1
313,6008,1
34,9032,1
8663,22773,0
1028,19919,1
1219,8968,1
8059,10924,0
578,12971,1
18288,20132,0
4526,17524,0
5934,15146,0
181,9781,0
820,6233,1
14262,29376,0
4549,28398,1
3968,21854,0
4549,23262,1
14902,19267,0
578,9881,1
2501,12894,1
15249,15565,0
14837,23583,1
3093,26454,1
89,2481,1
12151,14457,0
5498,15868,0
2660,5611,0
2614,2706,1
11007,18344,1
54,4636,1
10644,14811,0
820,23309,1
1626,7891,1
4999,21993,1
39,1578,1
829,1519,1
4128,18618,0
2375,21319,0
138,471,1
17722,21996,0
1284,16507,0
9920,13042,0
428,25463,0
276,2573,0
102,6008,1
16070,19484,0
5163,15821,1
14879,20469,0
17978,20032,0
15852,25746,0
22403,29183,0
414,4066,1
4539,9425,0
1068,6918,1
7891,10197,1
1010,13819,0
23913,29148,0
193,1810,1
16331,20201,0
2809,28215,0
6916,6988,0
378,8298,0
6575,7912,1
23467,24615,0
3937,23583,1
2207,2646,0
1247,17213,1
3938,20274,0
5453,27647,0
18474,21123,0
10749,21630,0
8917,18301,0
14562,16718,0
14586,20935,0
21517,24538,0
12983,14045,0
1030,20590,1
9128,29097,0
820,3852,1
38,23856,1
436,12955,0
60,13447,1
2625,18895,0
17921,28229,0
23438,29647,0
10498,23392,0
3970,26454,1
13986,22028,0
323,7864,1
279,605,1
1340,20632,0
18202,28788,0
283,2142,1
2088,8708,1
4333,5736,0
313,3323,1
3915,12017,0
471,12808,1
19919,27025,1
2806,20009,0
5665,15148,0
16756,18906,1
722,9871,1
5321,12928,1
11769,21890,0
109,400,1
5284,21047,0
1583,4400,1
21727,22293,0
1079,12931,1
110,14982,0
414,20917,1
5177,17388,0
1827,7938,1
813,6970,1
8757,26698,0
6721,27308,0
38,5542,1
12868,22700,0
2260,7822,1
400,8691,1
54,4936,0
12187,20353,0
5167,11185,0
548,6318,0
11857,15272,1
11174,21571,0
24842,27561,0
15170,27884,0
4801,13394,0
1697,5163,1
555,5228,0
3937,8414,1
15740,15946,1
5579,15132,0
12219,28779,0
20741,21933,0
5589,20776,0
6731,19545,0
5013,24592,1
326,6220,1
9783,13115,0
1195,2303,1
8585,18013,1
2000,17887,0
2600,15281,1
2218,3943,1
300,5908,1
24267,27945,0
2346,27025,1
1803,2347,0
280,7864,1
4293,26812,0
5241,9719,0
280,14165,1
3987,4130,1
15702,27689,0
414,2676,1
18664,20505,0
4347,5977,0
5514,9589,1
7048,23856,1
16131,27209,0
8441,26876,0
1030,12928,1
6511,24674,0
16037,17212,1
338,3191,1
578,16301,1
887,12935,0
798,6770,0
5348,6163,1
5199,23726,0
12747,29886,0
5554,28423,0
5348,11263,1
8887,24777,0
21069,22246,0
503,20590,1
328,2077,1
8414,14165,1
856,5956,1
1072,22189,1
7864,19735,1
102,6280,1
500,3492,0
5348,23129,1
2382,12523,0
4549,6565,1
204,820,1
280,1220,1
8371,22831,0
11648,23003,0
18363,26454,1
18714,22208,0
481,4999,1
10374,19003,0
5,25674,0
15036,22236,0
2303,19163,1
4142,18657,0
326,11543,1
20193,28996,0
3391,3850,0
6918,12931,1
4140,27981,0
11600,17384,0
16750,30121,0
4905,29347,0
6956,14672,1
27741,28525,0
559,29394,1
11412,22463,0
12201,23583,1
417,1741,1
1069,1168,1
5444,19369,0
318,6280,1
16463,26505,0
17116,25011,0
6543,19807,0
4222,12114,1
2586,18644,1
19367,25700,0
4048,24093,0
8069,30057,0
28,13145,0
3814,7617,1
417,597,1
13861,16434,0
4898,11628,0
8713,14580,0
471,2481,1
856,3323,1
8831,23053,0
5021,26443,0
22734,26942,0
1814,15392,1
744,25556,0
8323,16549,0
3323,27763,1
14540,21503,0
138,16301,1
572,2481,1
9095,25051,0
10799,30261,0
3847,6263,1
1325,16099,0
8149,27925,0
1003,10567,0
354,8142,1
181,1508,1
5905,14751,0
24,1632,1
410,29752,1
2121,13042,0
3033,17111,1
562,3854,1
1257,1810,1
7048,30317,1
5891,7430,1
9793,15740,1
10853,22571,0
25485,28162,0
4782,23583,1
4525,29209,0
1827,12808,1
3199,29995,0
4729,17106,1
24778,27919,0
15534,24348,0
299,12605,0
6970,7782,1
18644,24555,1
19890,27745,0
9052,12301,0
31,4698,1
5428,27114,0
4506,7347,1
6550,19932,0
3734,11271,0
23344,24011,0
102,6104,1
914,29779,1
3905,25426,0
10232,14111,0
3323,25694,1
21972,27062,0
8092,8492,0
11034,15954,0
17553,23305,0
6575,7071,1
9298,11779,0
14303,20664,0
475,5908,1
5888,20401,1
606,610,1
3783,10022,0
911,20702,0
614,23403,0
4150,17912,0
24530,27645,0
2673,11284,1
7436,14820,0
403,10965,0
5943,8180,1
1464,5349,0
17675,20476,1
3609,5348,1
89,471,1
28142,28584,0
18643,26548,0
15670,24489,0
243,27328,0
9302,17629,1
2323,10323,0
5334,25784,0
16420,29996,0
859,18734,0
3664,22476,0
13325,16916,0
504,23922,0
9227,13306,0
3970,7617,1
1570,5638,0
16828,18402,0
4464,12640,0
2304,16581,1
2842,13639,0
4182,20508,0
4437,11358,1
109,287,1
24,3943,1
10615,28883,0
318,2613,1
1423,1529,0
25812,26380,0
3931,3937,1
1030,10210,1
11748,13563,0
19308,29205,0
17785,20534,0
36,28340,0
19735,28398,1
8141,10891,1
503,9881,1
87,193,1
323,23309,1
324,19735,1
37,18363,1
17566,27809,0
1503,3559,1
18460,28762,0
3555,24630,1
4306,6626,1
13361,13690,0
10402,19200,0
17308,21605,0
22391,24895,0
9939,25454,0
5908,13561,1
13381,17721,0
11233,24688,0
2741,11782,0
4846,20824,0
4113,20020,0
6527,7962,0
11819,28855,0
228,20476,1
9225,28183,0
5514,9742,1
4549,20402,1
5620,9488,0
10922,11193,0
6351,23054,1
1583,12160,0
4904,20590,1
482,1697,1
1009,16037,1
1069,8141,1
16544,19235,0
2328,30104,0
6205,24305,0
9344,25043,0
15257,20986,0
1519,1578,1
826,13616,0
1123,10237,0
200,7617,1
908,17081,0
1592,11441,1
3450,24903,1
467,6000,1
378,27658,0
15821,23714,1
15932,28186,0
2077,5355,1
324,23262,1
328,813,1
3855,26150,0
3051,3748,1
128,12971,1
114,22733,0
1578,4636,1
7822,7864,1
352,5514,1
4767,5822,0
9969,13278,0
12807,25892,1
22432,27622,0
82,578,1
306,417,0
18706,26736,0
3475,15724,0
3622,17672,0
559,4706,0
12869,28141,0
235,7048,1
6104,20402,1
22263,26305,0
3937,6221,1
3265,26216,0
1025,24535,0
606,2704,1
6918,10197,1
7740,24657,0
494,984,1
8303,16492,0
1009,2492,1
1626,6104,1
10600,13499,0
7483,14165,1
10069,14954,0
11857,13447,1
19752,25397,0
9284,10101,1
1741,19891,1
610,9008,1
11167,16005,0
86,17212,1
1143,25060,0
6256,24188,0
17464,17475,0
997,2665,1
4729,9032,1
21228,22292,0
3937,18363,1
326,494,1
34,2475,1
1168,18644,1
2303,6000,1
2564,9032,1
5016,19394,0
127,7430,1
9003,27988,0
6918,26210,1
6646,14445,0
190,20536,0
811,16301,1
6485,18080,0
2087,16106,1
3501,11254,0
8006,20963,0
15356,27294,0
1705,4999,1
119,13072,0
471,12971,1
20742,28162,0
15,24856,0
327,26735,1
3390,8981,0
3555,12201,1
2370,6674,1
1441,2260,1
31,283,1
1647,14883,0
1645,5155,0
15169,29775,0
7833,18097,0
6153,10381,0
236,2087,1
333,28507,0
328,3323,1
9160,28303,0
82,7499,1
616,20226,0
60,1168,1
11857,16985,1
1632,16756,1
13566,18804,0
441,15075,0
1588,6455,0
184,7832,0
318,326,1
3333,3347,1
12374,17162,1
196,28927,0
5013,12541,1
17390,27785,0
2586,13447,1
11358,16107,1
10357,26971,0
5494,6896,0
3625,4307,0
3578,15052,0
283,1501,1
228,2568,1
9323,27974,0
107,28398,1
1028,4639,1
5244,6575,1
119,326,1
4483,12529,0
2134,14242,0
1195,3937,1
1697,20917,1
2586,8687,1
1,70,1
4400,13268,1
6957,14671,1
21090,25163,0
21298,22038,0
914,6330,1
14764,27969,0
13915,22090,0
4871,21915,0
191,5929,1
15999,16471,0
20876,26412,0
1697,2676,1
1229,29282,1
2656,17097,0
16254,29275,0
856,5013,1
508,850,1
11808,12928,1
301,434,1
1168,2586,1
16662,18117,0
327,2260,1
1102,28109,0
6943,17877,0
10832,12134,0
87,11701,1
6639,26225,0
21282,22576,0
14279,23636,0
8180,17111,1
13765,24151,0
15279,19996,0
1503,15759,1
3225,27706,0
6593,13305,0
321,30420,1
5891,16301,1
5244,5499,1
338,30415,1
498,1632,1
1225,20402,1
23139,30251,0
12180,14389,0
3851,8196,0
503,1827,1
4949,25301,0
327,3943,1
328,18906,1
1827,5888,1
1632,23583,1
4375,13877,0
11156,13745,0
207,1501,1
12245,27917,0
280,2260,1
119,1067,1
6330,13378,1
1092,10891,1
4121,25826,0
829,1578,1
5321,7938,1
572,16301,1
18893,26956,0
7347,14959,1
16254,24432,0
4411,5740,0
7465,12691,1
18368,24481,0
318,4549,1
5874,6280,1
7430,7891,1
1441,7822,1
20361,27264,0
1707,22621,0
2040,6919,0
39,1519,1
745,20222,0
997,8708,1
2118,22782,0
782,8263,0
20060,27855,0
5013,25694,1
5321,20590,1
6918,7900,1
2659,21093,1
2812,5874,1
2303,16107,1
6908,30122,0
14812,21929,0
8414,11358,1
10583,19310,0
638,25746,0
8414,23583,1
4373,9641,0
12114,21466,1
13253,15085,0
2260,3323,1
8022,26743,0
207,283,1
3291,4999,1
5614,22164,0
18152,20087,0
12291,12952,0
14375,19689,0
119,616,1
31,341,1
6600,6686,0
4549,6280,1
9273,24219,0
16643,21235,0
323,2260,1
4502,24192,1
19035,28885,0
10664,12138,0
2247,4400,1
102,328,1
610,7617,1
6640,10088,0
307,29980,1
1697,2492,1
2054,3774,0
13153,14069,1
503,5891,1
2087,30317,1
7849,23561,0
16818,18611,0
4181,28451,0
14010,22035,0
103,17008,0
7347,8834,1
23066,26421,0
1257,23309,1
10408,19375,0
280,9589,1
503,7938,1
512,6229,1
6191,24568,0
13712,19519,0
494,18906,1
6940,10236,0
22329,25089,0
119,25694,1
6071,25334,0
2728,23130,0
6304,26849,0
34,20401,1
17675,30320,1
2475,14209,1
7152,25789,0
5855,23617,0
1479,5866,1
11241,18832,0
5013,16756,1
535,17963,0
18906,23309,1
129,820,1
4674,24132,0
610,2260,1
1794,2654,1
6375,18475,1
338,22116,1
610,20185,1
7839,24305,0
204,5355,1
528,23011,0
7465,14485,1
7183,13112,0
829,2492,1
3591,8142,1
19290,30030,0
16286,23284,0
6289,17446,0
87,6221,1
4749,15940,0
616,7463,1
1295,4325,1
7942,26654,0
9829,24577,0
22530,28983,0
646,722,1
280,20185,1
610,19735,1
7848,15369,0
19669,25561,0
18475,29991,0
15486,15561,0
3253,22148,0
19646,20948,0
6000,24630,1
327,2613,1
15653,22344,0
869,14209,1
13920,23174,0
15672,16471,0
2038,7347,1
254,7286,0
467,2614,1
735,14057,0
4346,5163,1
12010,14014,0
18026,22894,0
3161,17612,0
9668,29374,0
559,1503,1
13226,16316,0
969,16106,1
8150,21612,0
2107,19989,0
14785,19633,0
24292,25617,0
8585,15740,1
5163,6351,1
820,5013,1
8687,19337,1
11358,24630,1
2586,17164,1
128,559,1
14425,18600,0
20217,21378,0
13447,13740,1
503,572,1
14164,15217,0
16734,24311,0
1556,18242,0
2181,6282,1
5514,5929,1
10356,30317,1
475,10901,1
8017,29288,0
3323,5013,1
5,4219,1
53,3136,1
3852,5874,1
1203,7610,1
12707,18459,0
23996,27042,0
1827,6575,1
384,3033,1
4502,6267,1
498,7891,1
7597,12134,0
17567,28354,0
12979,23369,0
5625,6218,0
10987,13236,0
12523,25477,0
27,1831,1
1583,16106,1
36,6104,1
616,22646,1
6025,8543,0
482,15821,1
190,198,1
1814,8709,1
4211,16192,0
10461,14839,0
12573,21980,0
191,6200,1
11453,22599,0
24,5956,1
1009,6104,1
24935,25150,0
6496,15892,0
13730,20070,0
20396,26579,0
318,2218,1
11021,23937,0
256,29117,0
79,1501,1
11262,28642,0
200,3910,1
4224,18611,0
3241,13941,0
5891,12808,1
18,11549,0
198,5514,1
34,5908,1
87,984,1
9539,10837,0
8087,8908,0
2492,17629,1
68,3745,0
298,25892,1
307,23363,1
7371,10123,0
5887,28702,0
11035,27654,0
38,109,1
10201,23556,0
6853,22671,0
10144,20157,0
330,5514,1
646,4910,1
14668,16141,0
1030,30419,1
5355,10238,0
5,31,1
12691,20805,1
326,3994,1
5970,15935,0
606,28398,1
327,3323,1
181,23856,1
139,16822,0
2389,5007,0
15850,22278,1
6089,6261,0
1072,11561,1
1503,25892,1
14,8585,1
2492,4306,1
23213,30169,0
2051,12168,0
1632,13978,1
5529,11857,1
14675,17210,0
1785,5013,1
3703,10197,1
4707,17528,0
23202,24704,0
323,1785,1
1827,2481,1
10873,22816,0
13753,26403,0
2370,5194,1
7140,20094,0
1195,22278,1
12541,13978,1
5,4130,1
19346,24401,0
656,17164,1
976,6000,1
7432,16301,1
6008,7463,1
5499,23369,1
7336,15120,0
20527,22893,0
129,559,1
2038,14959,1
8530,26169,0
3136,25052,0
3931,12114,1
73,5360,1
16187,28090,0
1257,28398,1
10113,19964,0
11358,14837,1
813,16756,1
23998,24744,0
471,20401,1
3449,9284,1
16037,18801,1
5041,22093,0
14488,19303,1
3347,5036,1
6895,20172,0
982,2866,0
7864,20185,1
5009,16966,0
18090,28707,0
14761,23190,0
997,23583,1
14405,23413,0
856,4549,1
4218,5348,1
7071,10210,1
283,2084,1
7661,27958,0
5345,7319,0
9016,17166,1
410,605,1
16784,20752,0
2006,10942,0
7992,18937,0
3484,25856,0
1632,6280,1
6333,24455,0
481,21626,1
2657,3136,1
5344,13244,0
2427,24718,0
6626,17106,1
768,15619,0
475,1092,1
19087,25557,0
813,1067,1
1079,20590,1
1055,1295,1
4222,21466,1
18535,19207,0
3785,22500,0
5396,26810,0
11961,25305,0
18939,23725,0
14819,18633,0
20158,24169,0
9225,23604,0
1541,30415,1
4306,4636,1
5355,28398,1
328,5013,1
9360,22897,0
4705,26758,0
4782,17212,1
27055,27677,0
119,6104,1
22669,26193,0
87,324,1
414,3447,1
2304,9084,1
475,8141,1
1827,6375,1
12653,28600,0
6575,6918,1
21450,21555,0
296,30317,1
12801,30082,0
6575,20590,1
18901,28530,0
280,984,1
7205,23309,1
16152,24633,0
15756,18740,0
2087,10356,1
3102,3776,0
5900,13362,0
23179,24201,0
9777,17603,0
2575,29387,0
60,19337,1
2350,7886,0
471,23130,0
1785,16756,1
10295,24733,0
2837,11575,1
3181,23714,1
6575,18344,1
8687,18644,1
4031,12211,0
4346,4729,1
11218,20281,0
414,2492,1
15715,27193,0
13356,27458,0
3937,8669,1
914,27624,1
34,8142,1
1069,7289,1
13860,19097,0
4400,29752,1
5,475,1
7432,25892,1
138,25892,1
10535,11198,0
53,562,1
12820,27931,0
11317,16357,0
129,298,1
13938,20161,0
5956,6280,1
11663,17387,0
1225,23309,1
1225,6970,1
21545,25896,0
12835,16631,0
6104,25694,1
1387,9655,0
5278,14974,0
2044,2077,1
1009,1055,1
4267,11503,0
17545,22061,0
21292,23639,0
20805,22646,1
280,23309,1
280,28398,1
8218,17162,0
3136,30420,1
20211,29384,0
15275,28468,0
3947,21147,0
813,6280,1
806,20116,0
10789,14305,0
1592,7499,1
18131,20666,0
7140,21189,0
3937,7499,1
11945,28521,0
1225,23262,1
2066,2747,0
1632,28398,1
102,2463,1
6398,20327,0
228,13268,1
2086,26346,0
10101,27025,1
318,820,1
500,21093,1
24838,28682,0
3943,6104,1
2087,12518,1
287,1828,1
610,984,1
6957,14673,1
22875,27624,1
503,11808,1
28186,29402,0
19680,24586,0
6970,9688,1
20798,30161,0
5499,12114,1
12100,16523,0
480,1513,1
8591,23062,0
27955,30287,0
3748,30318,1
13277,23173,0
1785,5355,1
7319,18477,0
11545,28358,0
813,12541,1
7430,12808,1
296,1501,1
38,7048,1
25667,27167,0
8623,26373,0
15426,20492,0
610,856,1
4045,11409,0
14175,15759,1
1030,4904,1
6145,17590,0
21401,23416,0
327,6233,1
2704,3857,1
10732,26469,0
20381,26788,0
26637,27970,0
16941,27511,0
4576,10666,0
17933,21648,0
1195,11358,1
236,6955,1
89,12807,1
7679,25123,0
28130,29035,0
19848,22308,0
19735,23309,1
17903,23492,0
2260,7205,1
384,2607,1
475,24731,1
1092,3037,1
4775,17213,1
856,1632,1
5514,29282,1
12205,17358,0
4650,7610,1
14299,23774,0
3984,8717,0
7289,14700,1
3323,23309,1
39,23714,1
11249,27525,0
7610,12716,1
20308,23965,0
97,7900,1
3852,6008,1
327,20402,1
656,1168,1
5057,17018,0
107,2613,1
464,5082,1
3220,3473,0
984,19163,1
8442,14330,0
6575,7938,1
2492,4999,1
15945,18795,0
393,2005,0
6000,19163,1
14072,24532,0
19916,28564,0
646,10103,1
616,2044,1
1914,9754,0
5514,9691,1
79,2247,1
596,1503,1
16214,23064,0
300,1508,1
4769,23520,0
20836,27440,0
1448,28320,0
326,6565,1
578,7430,1
86,17214,1
1785,6221,1
14995,23583,1
5874,12691,1
26372,30016,0
27465,28683,0
17003,28160,0
435,8313,0
10891,17164,1
8180,13447,1
2181,5943,1
494,1225,1
20183,21651,0
180,20493,0
17215,25467,0
5888,5891,1
19903,23018,0
389,8883,0
196,13922,1
10846,23509,0
8059,25282,0
3943,18906,1
6008,7465,1
7785,16876,1
27543,29144,0
18002,27297,0
494,1441,1
2623,28151,0
1911,27537,0
19580,29400,0
78,835,1
5838,11215,0
10380,17904,0
3318,7479,0
328,2218,1
107,8408,1
27308,27592,0
82,127,1
28400,29958,0
327,820,1
11116,27311,0
494,3937,1
4025,21603,0
12077,26637,0
7736,20706,0
17734,23395,0
3447,6000,1
3347,11543,1
5770,9351,0
327,23262,1
12263,17063,0
7749,19425,0
1069,18644,1
939,24921,0
19311,25346,0
17077,20104,0
4636,17106,1
7456,25528,0
984,11701,1
23384,30419,1
4729,9015,1
6955,14672,1
5489,6104,1
17728,20815,0
5542,8691,1
82,7432,1
1785,5956,1
400,605,1
1172,8613,0
9256,26907,0
21720,27451,0
656,15281,1
4549,24592,1
196,23057,1
2862,27553,0
1295,2706,1
11261,11701,1
1632,5489,1
1247,8414,1
2492,21610,1
17116,26544,0
10527,28326,0
17214,22278,1
8819,22991,0
324,24630,1
984,20402,1
3632,19033,0
15107,20340,0
323,1810,1
5143,16972,0
2044,5874,1
410,5364,1
9321,22440,0
769,5508,0
18882,28184,0
1519,2492,1
2492,17106,1
2247,5017,1
1868,25621,0
3479,19128,0
14358,28247,0
11144,27039,0
5976,16918,0
14564,18904,0
9250,21970,0
7912,14995,1
14309,21262,0
8585,14175,1
2659,3037,1
19781,21286,0
17176,28095,0
15462,16991,0
1295,1794,1
5939,15084,0
27,25892,1
283,27624,1
7891,7938,1
9425,23345,0
7037,21093,1
410,12328,1
597,3748,1
1448,6956,0
17772,24471,0
13166,15272,0
7187,15060,0
417,11003,1
199,5542,1
6855,13533,0
11240,29002,0
8783,13356,0
9872,15759,1
7048,30318,1
4853,16316,0
323,856,1
2510,3937,1
11795,23294,0
1168,13447,1
1632,2463,1
318,2463,1
119,2613,1
4222,7912,1
69,3748,1
5089,30160,0
4223,23337,1
464,21626,1
12807,12971,1
18929,30418,1
606,24592,1
26822,28319,0
4489,10142,0
15473,17288,0
16756,28398,1
128,7499,1
1519,4636,1
109,236,1
6949,10676,0
6351,17417,1
389,2481,0
498,7900,1
3319,7292,1
6956,14675,1
1143,10148,0
1578,4306,1
11910,14847,0
2600,17784,0
18175,27816,0
5684,8707,0
616,3852,1
475,500,1
129,16301,1
3748,16106,1
10694,27528,0
283,1836,1
60,2181,1
3431,20410,0
7205,8408,1
1968,3045,0
12003,27394,0
13563,18836,0
2126,7294,0
10197,20590,1
28608,30229,0
24,6280,1
38,10356,1
7130,16945,0
7491,11507,0
6263,8585,1
5539,9084,1
19512,23229,0
446,1741,1
1598,4246,0
167,2613,1
14738,22728,0
235,30320,1
280,7483,1
11678,19216,0
21682,22859,0
829,4636,1
13378,29779,1
82,26634,1
18896,28002,0
5290,15961,0
16891,28953,0
3483,8354,0
6000,24649,1
17746,23737,0
984,1810,1
1361,7864,1
13740,23384,1
324,13656,0
1402,29400,0
849,23583,1
1632,2600,1
1195,14165,1
2264,17102,0
10840,14251,0
15859,18692,0
107,119,1
11358,30222,1
2673,27025,1
287,24903,1
6353,9008,1
16590,28588,0
559,3937,1
113,25685,0
8903,25442,0
246,16060,0
6263,15740,1
1198,1219,1
16081,27423,0
7094,21781,1
10468,13931,0
1009,16107,1
2673,25453,1
318,327,1
20821,27706,0
7059,9509,1
2613,5956,1
5355,12691,1
6700,20617,0
24649,30222,1
3323,13978,1
13327,14427,0
3852,7463,1
1785,11701,1
102,13978,1
7430,19372,0
128,25892,1
18457,22093,0
1223,13736,0
7822,14165,1
820,856,1
1618,1794,1
20138,25604,0
1719,28256,0
23747,24787,0
7444,22216,0
11037,20237,0
16994,18349,0
10880,13979,0
16081,24136,0
5226,9018,1
2971,21885,0
951,5826,0
1225,28398,1
3283,19059,0
208,341,1
110,13344,0
3407,12549,0
2267,19455,0
1009,14165,1
9483,17412,0
22078,28576,0
446,2087,1
16325,24047,0
287,4400,1
127,9881,1
2181,16985,1
2492,21626,1
11959,17376,0
11912,22189,1
11559,19712,0
280,352,1
17969,25406,0
7952,9171,0
4684,6263,1
7401,9932,0
3033,7037,1
15387,24849,0
7433,17622,0
20476,29752,1
107,6565,1
3717,13955,0
4743,10839,0
1744,18026,0
13706,22814,0
16859,27038,0
9441,30259,0
6381,21029,0
24555,24941,1
13,4400,1
24224,26666,0
616,7464,1
328,23309,1
24748,25087,0
16955,30049,0
17417,18801,1
605,1583,1
2308,3847,1
4776,5792,0
682,14611,0
14888,15252,0
3823,13184,0
14735,18318,0
128,3937,1
7664,10116,0
402,2950,0
15503,23386,0
14651,17619,0
8568,20085,0
13740,18644,1
7205,24592,1
3181,3291,1
8175,22746,0
10632,15173,0
19443,23525,0
283,9822,1
354,869,1
6375,7071,1
18737,29045,0
13749,22323,0
3856,14186,0
2370,7996,1
8144,18929,1
82,25892,1
82,559,1
19977,25747,0
1503,14175,1
169,1814,1
3555,8414,1
1754,26126,0
11701,20402,1
8882,17582,0
7465,7782,1
5071,5348,1
7430,26634,1
2586,7289,1
6970,18906,1
3447,15821,1
2706,23583,1
26186,28109,0
328,1785,1
5874,7464,1
5608,21315,0
2708,12120,1
1344,10912,0
4306,5163,1
5956,23309,1
6104,6280,1
13206,27925,0
656,7289,1
1915,19625,0
9949,29175,0
461,485,0
5305,9337,0
2613,6970,1
1295,23262,1
414,4636,1
28000,29618,0
326,5889,1
605,19891,1
6427,7200,0
12651,17157,0
78,508,1
313,5013,1
6280,13978,1
6723,12928,1
12518,23856,1
6375,7891,1
8435,20419,0
1517,15290,0
367,5542,1
14511,19999,0
1081,13600,0
11053,24339,0
1195,18801,1
2451,25409,0
4220,21466,1
2475,11441,1
14488,20891,1
10787,23410,0
287,6627,1
1592,4130,1
3444,3733,0
2711,18528,0
5355,18403,1
4506,8834,1
16443,30194,0
997,7778,1
821,13268,1
318,5956,1
2613,23309,1
6221,14165,1
12473,23157,0
193,11701,1
2842,30321,1
13019,25646,0
4865,21583,0
69,12518,1
16733,26410,0
856,1810,1
1548,6695,1
471,578,1
1583,19891,1
10736,11634,0
425,722,1
4904,12931,1
6856,15626,0
10221,14970,0
2785,23325,0
14990,27256,0
820,24592,1
16107,22278,1
1913,12971,1
5249,18404,0
1871,16257,0
1009,23262,1
11903,25443,0
6655,6674,1
5013,5889,1
1229,8690,1
2501,2564,1
5956,6104,1
14959,28315,1
18804,26772,0
323,28398,1
676,15383,0
11912,12374,1
326,23262,1
138,3937,1
13978,16756,1
2771,25300,0
813,6104,1
26527,30249,0
13179,16126,0
475,4130,1
11782,13369,0
313,20805,1
500,3037,1
69,228,1
13905,27860,0
4337,7428,1
119,6280,1
13378,27624,1
1069,3033,1
169,19217,1
8673,10862,0
13556,22214,0
27743,28287,0
16106,30321,1
3157,3213,0
14782,24771,0
16370,22489,0
3033,6282,1
1519,6626,1
3323,6280,1
129,7499,1
1583,3051,1
8142,14209,1
8546,15679,0
597,5245,1
7801,8784,0
11685,22495,0
138,7430,1
13589,27842,0
2704,3814,1
6256,29934,0
7900,10197,1
1336,1551,0
1810,7617,1
1931,4912,0
510,13910,0
8414,19163,1
305,7996,1
19486,26731,0
12328,20476,1
189,6608,0
27,7499,1
23384,24555,1
11808,16301,1
4371,8468,0
12357,20609,0
12722,17183,0
16375,27200,0
20477,26383,0
5073,10494,0
6280,20805,1
6059,9832,0
2055,27208,0
4698,8708,1
25562,27946,0
7430,29394,1
326,14179,1
10735,22116,1
119,29752,1
327,856,1
2370,7199,1
12654,27673,0
27251,29295,0
298,7499,1
97,1827,1
2463,5889,1
2181,14700,1
20122,29684,0
10666,16523,0
19141,25524,0
10293,24235,0
14153,25959,0
15940,24401,0
26683,29378,0
5889,12541,1
6958,27961,0
11904,19108,0
1827,20590,1
16176,27152,0
1024,22902,0
820,18906,1
4218,30418,1
1991,7401,0
5163,23583,1
500,1069,1
19963,25959,0
813,1508,1
17692,21733,0
5567,21203,0
15058,29890,0
2613,25694,1
820,2812,1
3863,22495,0
13,16106,1
9219,17640,0
1361,1810,1
8691,10356,1
12536,16201,0
5340,19550,0
481,21610,1
128,1815,1
1503,9873,1
10070,13405,0
7289,10901,1
3481,26135,0
1680,30419,1
107,318,1
18,28177,0
1592,24731,1
14,3847,1
2304,7728,1
9417,24228,0
12541,25694,1
7938,12931,1
7685,20615,0
8142,20401,1
17045,20779,0
4704,21719,0
6792,29110,0
107,2218,1
6918,15281,1
1247,14837,1
4066,4999,1
3285,11443,0
610,10833,0
448,26069,0
160,10088,0
338,1203,1
13862,29303,0
1247,23054,1
12201,24630,1
11261,23262,1
596,636,1
16894,28398,0
467,16107,1
1040,5166,0
605,11003,1
25036,27009,0
1295,2492,1
2613,6565,1
560,12397,0
54,17629,1
140,13993,0
328,26735,1
4231,4511,0
235,367,1
21663,23109,0
7087,21109,0
5181,6084,0
6031,26042,0
3059,11164,0
5542,19891,1
8148,23237,0
1827,12928,1
11980,12896,0
30317,30318,1
10197,11808,1
2673,19337,1
17191,27817,0
1257,3910,1
10621,29213,0
2492,16037,1
20829,26691,0
3392,3530,0
6261,16342,0
17276,25241,0
